키워드,카테고리,예상시즌
상토,상토/배양토/흙,봄
배양토,상토/배양토/흙,봄
분갈이흙,상토/배양토/흙,봄
마사토,상토/배양토/흙,연중
펄라이트,상토/배양토/흙,연중
질석,상토/배양토/흙,연중
피트모스,상토/배양토/흙,봄
코코피트,상토/배양토/흙,연중
원예용상토,상토/배양토/흙,봄
분갈이용토,상토/배양토/흙,봄
다육이전용흙,상토/배양토/흙,연중
다육식물배양토,상토/배양토/흙,연중
무농약상토,상토/배양토/흙,봄
유기농상토,상토/배양토/흙,봄
세척마사토,상토/배양토/흙,연중
소립마사토,상토/배양토/흙,연중
중립마사토,상토/배양토/흙,연중
대립마사토,상토/배양토/흙,연중
난석,상토/배양토/흙,연중
경석,상토/배양토/흙,연중
훈탄,상토/배양토/흙,봄
질석소립,상토/배양토/흙,연중
버미큘라이트,상토/배양토/흙,연중
텃밭용흙,상토/배양토/흙,봄
베란다텃밭흙,상토/배양토/흙,봄
화분갈이흙세트,상토/배양토/흙,봄
분갈이세트,상토/배양토/흙,봄
상토20L,상토/배양토/흙,봄
배양토10L,상토/배양토/흙,봄
상토50L대용량,상토/배양토/흙,봄
산야초배양토,상토/배양토/흙,봄
선인장전용토,상토/배양토/흙,연중
허브전용배양토,상토/배양토/흙,봄
채소전용상토,상토/배양토/흙,봄
잔디용상토,상토/배양토/흙,봄
씨앗발아용상토,상토/배양토/흙,봄
모종용상토,상토/배양토/흙,봄
녹소토,상토/배양토/흙,연중
적옥토,상토/배양토/흙,연중
규조토,상토/배양토/흙,연중
하이드로볼,상토/배양토/흙,연중
화산석,상토/배양토/흙,연중
수태,상토/배양토/흙,연중
칩바크,상토/배양토/흙,연중
코코칩,상토/배양토/흙,연중
바크,상토/배양토/흙,연중
피트모스압축,상토/배양토/흙,연중
상토추천,상토/배양토/흙,봄
분갈이흙추천,상토/배양토/흙,봄
배양토만들기,상토/배양토/흙,봄
흙배합비율,상토/배양토/흙,봄
토분,화분/플랜터,연중
플라스틱화분,화분/플랜터,연중
행잉화분,화분/플랜터,연중
자동급수화분,화분/플랜터,연중
시멘트화분,화분/플랜터,연중
테라코타화분,화분/플랜터,연중
도자기화분,화분/플랜터,연중
이태리토분,화분/플랜터,연중
옹기화분,화분/플랜터,연중
대형화분,화분/플랜터,연중
미니화분,화분/플랜터,연중
인테리어화분,화분/플랜터,연중
원형화분,화분/플랜터,연중
사각화분,화분/플랜터,연중
긴화분,화분/플랜터,연중
텃밭화분,화분/플랜터,봄
채소화분,화분/플랜터,봄
베란다화분,화분/플랜터,봄
플랜터박스,화분/플랜터,봄
난화분,화분/플랜터,연중
다육화분,화분/플랜터,연중
수경재배화분,화분/플랜터,연중
받침화분세트,화분/플랜터,연중
화분받침대,화분/플랜터,연중
화분트레이,화분/플랜터,연중
화분받침접시,화분/플랜터,연중
벽걸이화분,화분/플랜터,연중
마크라메행잉,화분/플랜터,연중
화분스탠드,화분/플랜터,연중
화분선반,화분/플랜터,연중
다단화분대,화분/플랜터,연중
화분행거,화분/플랜터,연중
모종화분,화분/플랜터,봄
분갈이화분,화분/플랜터,봄
저면관수화분,화분/플랜터,연중
자기화분,화분/플랜터,연중
유리화분,화분/플랜터,연중
에어플랜트화분,화분/플랜터,연중
투명화분,화분/플랜터,연중
슬릿화분,화분/플랜터,연중
플라스틱원형화분,화분/플랜터,연중
사출화분,화분/플랜터,연중
대형플랜터,화분/플랜터,연중
화분추천,화분/플랜터,연중
예쁜화분,화분/플랜터,연중
북유럽화분,화분/플랜터,연중
모던화분,화분/플랜터,연중
화분도매,화분/플랜터,연중
화분싸게사는곳,화분/플랜터,연중
화분인테리어,화분/플랜터,연중
채소씨앗,종자/씨앗,봄
꽃씨앗,종자/씨앗,봄
허브씨앗,종자/씨앗,봄
모종,종자/씨앗,봄
상추씨앗,종자/씨앗,봄
토마토모종,종자/씨앗,봄
고추모종,종자/씨앗,봄
방울토마토씨앗,종자/씨앗,봄
바질씨앗,종자/씨앗,봄
로즈마리씨앗,종자/씨앗,봄
라벤더씨앗,종자/씨앗,봄
해바라기씨앗,종자/씨앗,봄
코스모스씨앗,종자/씨앗,가을
맨드라미씨앗,종자/씨앗,봄
들깨모종,종자/씨앗,봄
배추씨앗,종자/씨앗,가을
무씨앗,종자/씨앗,가을
시금치씨앗,종자/씨앗,가을
쪽파종구,종자/씨앗,가을
양파모종,종자/씨앗,가을
마늘종구,종자/씨앗,가을
딸기모종,종자/씨앗,봄
오이모종,종자/씨앗,봄
호박모종,종자/씨앗,봄
가지모종,종자/씨앗,봄
피망모종,종자/씨앗,봄
수박모종,종자/씨앗,봄
참외모종,종자/씨앗,봄
옥수수씨앗,종자/씨앗,봄
감자씨감자,종자/씨앗,봄
고구마순,종자/씨앗,봄
대파모종,종자/씨앗,봄
미나리모종,종자/씨앗,봄
케일모종,종자/씨앗,봄
루꼴라씨앗,종자/씨앗,봄
새싹씨앗,종자/씨앗,연중
새싹재배기,종자/씨앗,연중
콩나물재배기,종자/씨앗,연중
씨앗키트,종자/씨앗,봄
씨앗세트,종자/씨앗,봄
허브모종,종자/씨앗,봄
애플민트모종,종자/씨앗,봄
페퍼민트모종,종자/씨앗,봄
레몬밤모종,종자/씨앗,봄
치커리씨앗,종자/씨앗,봄
청경채씨앗,종자/씨앗,봄
열무씨앗,종자/씨앗,봄
봄씨앗추천,종자/씨앗,봄
가을씨앗추천,종자/씨앗,가을
초보텃밭씨앗,종자/씨앗,봄
베란다텃밭모종,종자/씨앗,봄
모종판,종자/씨앗,봄
모종트레이,종자/씨앗,봄
육묘트레이,종자/씨앗,봄
잔디씨앗,종자/씨앗,봄
야생화씨앗,종자/씨앗,봄
클로버씨앗,종자/씨앗,봄
식물영양제,비료/영양제,연중
복합비료,비료/영양제,봄
유기질비료,비료/영양제,봄
액비,비료/영양제,연중
하이포넥스,비료/영양제,연중
식물활력제,비료/영양제,연중
미량요소비료,비료/영양제,연중
퇴비,비료/영양제,봄
계분,비료/영양제,봄
골분,비료/영양제,봄
유박비료,비료/영양제,봄
깻묵비료,비료/영양제,봄
질소비료,비료/영양제,봄
인산비료,비료/영양제,봄
칼리비료,비료/영양제,봄
요소비료,비료/영양제,봄
완효성비료,비료/영양제,봄
속효성비료,비료/영양제,봄
관엽식물영양제,비료/영양제,연중
다육식물영양제,비료/영양제,연중
난영양제,비료/영양제,연중
꽃식물비료,비료/영양제,봄
잔디비료,비료/영양제,봄
텃밭비료,비료/영양제,봄
토마토비료,비료/영양제,여름
고추비료,비료/영양제,여름
과일나무비료,비료/영양제,봄
발효퇴비,비료/영양제,봄
부엽토,비료/영양제,봄
지렁이분변토,비료/영양제,연중
EM발효액,비료/영양제,연중
미생물비료,비료/영양제,봄
뿌리활력제,비료/영양제,봄
개화촉진제,비료/영양제,봄
성장촉진제,비료/영양제,봄
엽면시비,비료/영양제,여름
웃거름,비료/영양제,여름
밑거름,비료/영양제,봄
원예비료추천,비료/영양제,봄
화분비료,비료/영양제,연중
식물키우기비료,비료/영양제,연중
유기농비료,비료/영양제,봄
천연비료만들기,비료/영양제,연중
비료주는시기,비료/영양제,봄
비료주는방법,비료/영양제,봄
친환경비료,비료/영양제,봄
액체비료,비료/영양제,연중
고체비료,비료/영양제,봄
입상비료,비료/영양제,봄
비료가격비교,비료/영양제,봄
살충제,농약/방제,여름
살균제,농약/방제,봄
친환경방제,농약/방제,여름
진딧물약,농약/방제,봄
깍지벌레약,농약/방제,연중
응애약,농약/방제,여름
곰팡이약,농약/방제,여름
흰가루병약,농약/방제,여름
탄저병약,농약/방제,여름
역병약,농약/방제,여름
노균병약,농약/방제,여름
뿌리파리약,농약/방제,연중
달팽이퇴치,농약/방제,여름
민달팽이약,농약/방제,여름
총채벌레약,농약/방제,여름
나방퇴치약,농약/방제,여름
배추벌레약,농약/방제,가을
해충방제,농약/방제,여름
친환경살충제,농약/방제,여름
님오일,농약/방제,여름
제충국,농약/방제,여름
황토유황합제,농약/방제,겨울
석회유황합제,농약/방제,겨울
석회보르도액,농약/방제,여름
목초액,농약/방제,연중
규산칼슘,농약/방제,연중
식물살충제스프레이,농약/방제,여름
개미약,농약/방제,여름
제초제,농약/방제,봄
잡초제거제,농약/방제,봄
비선택성제초제,농약/방제,봄
선택성제초제,농약/방제,봄
잔디제초제,농약/방제,봄
끈끈이트랩,농약/방제,연중
황색끈끈이,농약/방제,연중
페로몬트랩,농약/방제,여름
방충망,농약/방제,여름
한랭사,농약/방제,여름
방조망,농약/방제,여름
새쫓기,농약/방제,여름
고양이퇴치,농약/방제,연중
식물병해충,농약/방제,여름
식물곰팡이제거,농약/방제,여름
실내식물벌레,농약/방제,연중
식물살충제추천,농약/방제,여름
화분벌레퇴치,농약/방제,연중
날파리퇴치,농약/방제,여름
무농약재배방법,농약/방제,연중
전정가위,원예도구,연중
분무기,원예도구,연중
삽,원예도구,연중
호미,원예도구,연중
원예장갑,원예도구,연중
전지가위,원예도구,연중
고지가위,원예도구,연중
잔디깎기,원예도구,봄
예초기,원예도구,여름
전동전정가위,원예도구,연중
원예삽세트,원예도구,연중
모종삽,원예도구,봄
이식삽,원예도구,봄
갈퀴,원예도구,가을
레이크,원예도구,가을
괭이,원예도구,봄
낫,원예도구,가을
분무기대용량,원예도구,여름
전동분무기,원예도구,여름
압축분무기,원예도구,여름
배낭형분무기,원예도구,여름
물뿌리개,원예도구,연중
호스릴,원예도구,여름
점적관수,원예도구,여름
자동급수타이머,원예도구,여름
스프링클러,원예도구,여름
타이머자동급수,원예도구,여름
미니삽세트,원예도구,연중
원예도구세트,원예도구,연중
가드닝도구세트,원예도구,연중
원예가위,원예도구,연중
꽃가위,원예도구,연중
톱,원예도구,연중
접목칼,원예도구,봄
접목테이프,원예도구,봄
원예용끈,원예도구,연중
식물지주대,원예도구,봄
유인줄,원예도구,여름
멀칭비닐,원예도구,봄
부직포,원예도구,겨울
방한부직포,원예도구,겨울
온실비닐,원예도구,겨울
미니온실,원예도구,겨울
비닐하우스,원예도구,겨울
비닐터널,원예도구,봄
묘목보호대,원예도구,겨울
원예용라벨,원예도구,연중
식물이름표,원예도구,연중
무릎보호대정원용,원예도구,연중
원예모자,원예도구,여름
관엽식물,식물/화초,연중
다육식물,식물/화초,연중
에어플랜트,식물/화초,연중
야생화,식물/화초,봄
몬스테라,식물/화초,연중
스투키,식물/화초,연중
산세베리아,식물/화초,연중
고무나무,식물/화초,연중
아레카야자,식물/화초,연중
스파티필름,식물/화초,연중
피쉬본선인장,식물/화초,연중
선인장,식물/화초,연중
다육이,식물/화초,연중
에케베리아,식물/화초,연중
리톱스,식물/화초,연중
하월시아,식물/화초,연중
칼랑코에,식물/화초,연중
틸란드시아,식물/화초,연중
공기정화식물,식물/화초,연중
미세먼지식물,식물/화초,봄
실내공기정화식물,식물/화초,연중
음지식물,식물/화초,연중
양지식물,식물/화초,연중
반음지식물,식물/화초,연중
행잉식물,식물/화초,연중
덩굴식물,식물/화초,연중
포토스,식물/화초,연중
필로덴드론,식물/화초,연중
알로카시아,식물/화초,연중
칼라데아,식물/화초,연중
마란타,식물/화초,연중
율마,식물/화초,겨울
유칼립투스,식물/화초,연중
올리브나무,식물/화초,연중
레몬나무,식물/화초,연중
커피나무,식물/화초,연중
아보카도키우기,식물/화초,연중
페페로미아,식물/화초,연중
베고니아,식물/화초,연중
제라늄,식물/화초,봄
수국,식물/화초,여름
장미,식물/화초,봄
튤립,식물/화초,봄
무스카리,식물/화초,봄
히아신스,식물/화초,겨울
수선화,식물/화초,봄
국화,식물/화초,가을
구근식물,식물/화초,봄
알뿌리식물,식물/화초,봄
키우기쉬운식물,식물/화초,연중
초보자식물추천,식물/화초,연중
반려식물,식물/화초,연중
식물키우기,식물/화초,연중
다육이물주기,식물/화초,연중
다육이키우기,식물/화초,연중
몬스테라키우기,식물/화초,연중
선인장물주기,식물/화초,연중
플랜테리어,가드닝/인테리어,연중
정원꾸미기,가드닝/인테리어,봄
베란다텃밭,가드닝/인테리어,봄
베란다텃밭세트,가드닝/인테리어,봄
베란다가드닝,가드닝/인테리어,봄
옥상텃밭,가드닝/인테리어,봄
주말농장,가드닝/인테리어,봄
도시농업,가드닝/인테리어,봄
분갈이방법,가드닝/인테리어,봄
분갈이시기,가드닝/인테리어,봄
식물인테리어,가드닝/인테리어,연중
거실식물인테리어,가드닝/인테리어,연중
카페식물인테리어,가드닝/인테리어,연중
사무실식물,가드닝/인테리어,연중
플랜트스타일링,가드닝/인테리어,연중
정원디자인,가드닝/인테리어,봄
정원만들기,가드닝/인테리어,봄
마당꾸미기,가드닝/인테리어,봄
앞마당조경,가드닝/인테리어,봄
옥상정원,가드닝/인테리어,봄
테라스가든,가드닝/인테리어,봄
루프탑가든,가드닝/인테리어,봄
미니정원,가드닝/인테리어,연중
테라리움,가드닝/인테리어,연중
테라리움만들기,가드닝/인테리어,연중
미니테라리움,가드닝/인테리어,연중
이끼테라리움,가드닝/인테리어,연중
코케다마,가드닝/인테리어,연중
코케다마만들기,가드닝/인테리어,연중
가드닝클래스,가드닝/인테리어,봄
원예체험,가드닝/인테리어,봄
식물원예교실,가드닝/인테리어,봄
초보가드닝,가드닝/인테리어,봄
가드닝입문,가드닝/인테리어,봄
텃밭가꾸기,가드닝/인테리어,봄
텃밭만들기,가드닝/인테리어,봄
화단만들기,가드닝/인테리어,봄
꽃밭만들기,가드닝/인테리어,봄
정원소품,가드닝/인테리어,연중
가든데코,가드닝/인테리어,연중
정원조명,가드닝/인테리어,연중
솔라정원등,가드닝/인테리어,연중
가든테이블,가드닝/인테리어,봄
가든벤치,가드닝/인테리어,봄
야외테이블,가드닝/인테리어,봄
디딤석,가드닝/인테리어,연중
정원타일,가드닝/인테리어,연중
정원울타리,가드닝/인테리어,연중
화단경계석,가드닝/인테리어,연중
트렐리스,가드닝/인테리어,봄
아치,가드닝/인테리어,봄
가든아치,가드닝/인테리어,봄
플랜테리어소품,가드닝/인테리어,연중
식물키우기세트,가드닝/인테리어,연중
식물키우기키트,가드닝/인테리어,연중
체험학습식물키우기,가드닝/인테리어,봄
어린이원예키트,가드닝/인테리어,봄
수경재배키트,수경재배,연중
양액,수경재배,연중
LED식물등,수경재배,연중
수경재배기,수경재배,연중
가정용수경재배,수경재배,연중
스마트팜,수경재배,연중
식물재배기,수경재배,연중
수경재배양액,수경재배,연중
수경재배세트,수경재배,연중
LED식물성장등,수경재배,연중
풀스펙트럼LED,수경재배,연중
식물등추천,수경재배,연중
식물LED조명,수경재배,연중
식물램프,수경재배,연중
클램프식물등,수경재배,연중
스탠드식물등,수경재배,연중
식물등타이머,수경재배,연중
수경재배용기,수경재배,연중
수경재배유리병,수경재배,연중
수경재배화분,수경재배,연중
수경재배상추,수경재배,연중
수경재배허브,수경재배,연중
수경재배토마토,수경재배,연중
실내수경재배,수경재배,연중
NFT수경재배,수경재배,연중
DFT수경재배,수경재배,연중
담액식수경재배,수경재배,연중
박막식수경재배,수경재배,연중
에어로포닉스,수경재배,연중
수경재배영양제,수경재배,연중
수경재배EC,수경재배,연중
수경재배pH,수경재배,연중
수경재배펌프,수경재배,연중
에어펌프수경,수경재배,연중
수경재배스펀지,수경재배,연중
수경재배초보,수경재배,연중
수경재배방법,수경재배,연중
수경재배식물추천,수경재배,연중
가정용스마트팜,수경재배,연중
미니스마트팜,수경재배,연중
아이들식물재배기,수경재배,연중
실내채소재배기,수경재배,연중
식물공장,수경재배,연중
수경재배타이머,수경재배,연중
수경재배배지,수경재배,연중
암면배지,수경재배,연중
로크울,수경재배,연중
코이어배지,수경재배,연중
수경재배키우기쉬운식물,수경재배,연중
수경재배아보카도,수경재배,연중
수경재배고구마,수경재배,연중
잔디씨,잔디/조경,봄
잔디비료,잔디/조경,봄
인조잔디,잔디/조경,연중
한국잔디,잔디/조경,봄
켄터키블루그래스,잔디/조경,봄
페레니얼라이그래스,잔디/조경,가을
톨페스큐,잔디/조경,가을
잔디관리,잔디/조경,봄
잔디깎기기계,잔디/조경,봄
로봇잔디깎기,잔디/조경,봄
잔디제초,잔디/조경,봄
잔디병해충,잔디/조경,여름
잔디물주기,잔디/조경,여름
잔디파종시기,잔디/조경,봄
잔디에어레이션,잔디/조경,봄
잔디배토,잔디/조경,봄
잔디떼,잔디/조경,봄
떼잔디,잔디/조경,봄
롤잔디,잔디/조경,봄
잔디씨뿌리기,잔디/조경,봄
인조잔디시공,잔디/조경,연중
인조잔디매트,잔디/조경,연중
인조잔디베란다,잔디/조경,연중
옥상인조잔디,잔디/조경,연중
조경석,잔디/조경,연중
자연석,잔디/조경,연중
조경수,잔디/조경,봄
조경자재,잔디/조경,연중
방부목데크,잔디/조경,봄
데크재,잔디/조경,봄
조경설계,잔디/조경,봄
정원조경,잔디/조경,봄
전원주택조경,잔디/조경,봄
아파트조경,잔디/조경,봄
학교조경,잔디/조경,봄
공원조경,잔디/조경,봄
잔디관리방법,잔디/조경,봄
잔디심는시기,잔디/조경,봄
잔디종류,잔디/조경,봄
잔디깎기추천,잔디/조경,봄
잔디씨앗추천,잔디/조경,봄
겨울잔디관리,잔디/조경,겨울
여름잔디관리,잔디/조경,여름
잔디영양제,잔디/조경,봄
잔디발아,잔디/조경,봄
잔디살충제,잔디/조경,여름
잔디살균제,잔디/조경,여름
조경용돌,잔디/조경,연중
조경용자갈,잔디/조경,연중
백자갈,잔디/조경,연중
흑자갈,잔디/조경,연중
우드칩조경,잔디/조경,연중
