키워드,PC검색량,모바일검색량,합계,인기글노출,인기글섹션명,경쟁도
결혼,"4,030","18,800","22,830",X,,높음
세번째결혼,"2,660","14,500","17,160",X,,높음
결혼정보회사,"3,190","11,100","14,290",O,'결혼정보회사' 인기글,높음
맞선,"1,640","11,500","13,140",X,,높음
결정사,"2,920","9,620","12,540",X,,높음
결혼식,"1,600","8,770","10,370",X,,높음
소개팅,"2,000","6,810","8,810",X,,높음
결혼지원금,970,"6,910","7,880",X,,높음
웨딩,"1,810","5,920","7,730",X,,높음
결혼준비,"2,220","4,220","6,440",X,,높음
직장인소개팅,"1,260","2,890","4,150",X,,높음
축결혼,"1,540","2,330","3,870",X,,높음
재혼,780,"2,270","3,050",X,,높음
결혼비용,870,"2,170","3,040",X,,높음
결혼에대하여,300,"2,640","2,940",X,,높음
결혼정보업체,"1,050","1,840","2,890",O,'결혼정보업체' 인기글,높음
결혼정보회사순위,690,"1,890","2,580",X,,높음
매칭,940,"1,240","2,180",X,,높음
결정사등급표,430,"1,320","1,750",X,,높음
결정사비용,410,"1,220","1,630",X,,높음
결정사후기,470,"1,060","1,530",X,,높음
중매,290,"1,130","1,420",X,,높음
결혼적령기,260,"1,020","1,280",X,,높음
소개팅앱,220,970,"1,190",X,,높음
소개팅어플순위,160,980,"1,140",X,,높음
연예인결혼,130,"1,000","1,130",X,,높음
소개팅사이트,240,830,"1,070",X,,높음
소개팅어플추천,150,890,"1,040",X,,높음
결혼정보회사등급표,320,690,"1,010",X,,높음
재혼사이트,230,750,980,X,,높음
평균결혼나이,150,780,930,X,,높음
가연가입비,150,760,910,X,,높음
결혼카페,320,540,860,X,,높음
결혼정보,280,500,780,X,,높음
결혼정보회사추천,370,400,770,O,육아·결혼 인기글,높음
결혼운,140,630,770,X,,높음
대구소개팅,160,600,760,X,,높음
진주소개팅,30,690,720,X,,중간
대전소개팅,130,550,680,X,,높음
돌싱소개팅,200,480,680,X,,높음
결정사가입비,220,450,670,X,,높음
결혼사주,100,570,670,X,,높음
광주소개팅,130,540,670,X,,높음
직장인소개팅사이트,180,490,670,X,,높음
결정사순위,220,430,650,X,,높음
부산소개팅,150,500,650,X,,높음
셀프소개팅,110,530,640,X,,높음
결혼순서,140,480,620,X,,높음
결정사등급,160,450,610,X,,높음
결정사우연,160,450,610,X,,중간
결혼정보회사후기,200,400,600,X,,높음
가연후기,110,490,600,X,,중간
대학생소개팅,90,490,580,X,,높음
중매결혼,90,470,560,X,,높음
소개팅카페,140,420,560,X,,높음
결혼나이,80,460,540,X,,높음
소개팅프로그램,70,450,520,X,,높음
일본결정사,110,400,510,X,,높음
광주야외결혼식,50,460,510,X,,높음
노블레스결정사,90,370,460,X,,높음
결혼예비학교,90,370,460,X,,중간
카톡소개팅,40,420,460,X,,높음
결혼상담소,60,390,450,O,육아·결혼 인기글,높음
강남결혼정보회사,130,290,420,O,,높음
40대결혼,110,310,420,X,,높음
소개팅앱추천,40,380,420,X,,높음
결혼정보회사비용,100,310,410,X,,높음
중매인,80,330,410,X,,높음
수원소개팅,110,300,410,X,,높음
남자결혼적령기,90,310,400,X,,중간
결혼정보회사가입비,160,230,390,X,,높음
결혼업체,110,270,380,X,,높음
평균결혼비용,110,270,380,X,,높음
단체소개팅,90,290,380,X,,높음
돌싱결정사,150,230,380,X,,높음
소개팅업체,90,280,370,O,,높음
청주소개팅,70,280,350,X,,높음
결혼소개비,50,300,350,X,,높음
천안소개팅,60,290,350,X,,높음
1대1소개팅,110,230,340,X,,높음
공무원소개팅,90,250,340,X,,높음
결정사가격,120,210,330,X,,높음
40대소개팅,80,250,330,X,,높음
울산소개팅,50,280,330,X,,높음
기독교결혼정보회사,80,240,320,X,,높음
창원소개팅,90,230,320,X,,높음
30대소개팅,90,230,320,X,,높음
결정사추천,130,180,310,X,,높음
맞선사이트,90,220,310,X,,높음
결혼운세,60,250,310,X,,높음
결혼플래너,90,210,300,X,,높음
서울소개팅,50,240,290,X,,높음
대전결혼정보회사,120,170,290,X,,높음
자녀결혼,100,180,280,X,,높음
기독교소개팅,90,190,280,X,,높음
무료소개팅어플,20,260,280,X,,높음
인천소개팅,60,220,280,X,,높음
노블레스레드,30,240,270,X,,중간
상류층결혼정보회사,110,160,270,X,,높음
결혼계획,20,250,270,X,,중간
부산노블레스,20,250,270,X,,높음
재혼결혼식,40,230,270,X,,높음
이혼후재혼,60,210,270,X,,높음
노블결정사,70,190,260,X,,높음
중매쟁이,50,210,260,X,,높음
결정사성혼비,100,160,260,X,,높음
결혼정보업체순위,130,120,250,X,,높음
카카오톡소개팅,30,220,250,X,,높음
결혼정보회사가격,100,150,250,O,육아·결혼 인기글,높음
부산결혼식,70,180,250,X,,높음
결혼중개업,120,120,240,X,,높음
결혼의,40,200,240,X,,높음
결혼하는법,70,170,240,X,,높음
재혼결정사,110,130,240,X,,높음
결혼테스트,30,200,230,X,,높음
재혼정보회사,110,120,230,X,,높음
50대재혼,90,130,220,X,,높음
결혼정보업체비용,70,140,210,X,,높음
후불제결혼정보회사,50,160,210,X,,높음
소개팅앱순위,30,180,210,X,,높음
중년소개팅,50,160,210,X,,높음
결혼인연,20,190,210,X,,높음
돌싱재혼,80,130,210,X,,높음
광주결혼,30,170,200,X,,높음
선우결혼정보,100,100,200,X,,높음
기독교결정사,80,120,200,X,,높음
대전결정사,60,140,200,X,,높음
전문직소개팅,80,120,200,X,,높음
결혼혼수,50,150,200,X,,높음
결혼한,30,160,190,X,,높음
기독교결혼,50,140,190,X,,높음
온라인소개팅,40,150,190,X,,높음
결혼정보회사등급,80,100,180,X,,높음
결혼상담,30,150,180,X,,높음
결혼어플,40,140,180,X,,높음
후불제결정사,60,120,180,X,,높음
황혼결혼,50,130,180,X,,높음
결혼정년기,30,140,170,X,,높음
소개팅주선,40,120,160,X,,높음
황혼재혼,60,100,160,X,,높음
전주결혼정보회사,30,130,160,X,,높음
결혼하는이유,30,120,150,X,,높음
결혼을,20,130,150,X,,높음
결혼정보업체후기,90,60,150,X,,높음
결혼하고싶다,40,110,150,X,,높음
돌싱결혼,30,120,150,X,,높음
결혼스튜디오,40,110,150,X,,높음
듀오결정사,20,130,150,X,,높음
해운대노블레스,5,140,145,X,,높음
남자결혼나이,30,110,140,X,,높음
안산소개팅,20,120,140,X,,높음
결혼정보업체등급표,40,90,130,X,,높음
기독교소개팅어플,20,110,130,X,,높음
결혼상대,20,110,130,X,,높음
의사결혼,30,100,130,X,,높음
공무원결혼,50,80,130,X,,높음
커피소개팅,30,100,130,X,,높음
결혼등급,20,100,120,X,,높음
결정사상담,30,90,120,X,,높음
결정사파티,40,80,120,X,,높음
40대재혼,70,50,120,X,,높음
서울결혼정보회사,60,60,120,X,,높음
장애인결혼정보회사,20,100,120,X,,중간
결정사점수,60,60,120,X,,높음
의정부소개팅,20,100,120,X,,높음
20대소개팅,30,90,120,X,,높음
60대재혼,60,60,120,X,,높음
50대결혼,30,90,120,X,,높음
대구재혼,5,110,115,X,,높음
결혼회사,20,90,110,X,,높음
결정사비교,70,40,110,X,,높음
소개팅모임,40,70,110,X,,높음
결혼안하는이유,20,90,110,X,,높음
제주소개팅,10,100,110,X,,높음
전주결혼정보,10,100,110,X,,높음
사별재혼,40,70,110,X,,높음
결혼소개소,10,90,100,X,,높음
결혼정보회사창업,20,80,100,X,,높음
결혼하고싶어요,10,90,100,X,,높음
무료소개팅,10,90,100,X,,높음
노블레스결혼정보회사,20,70,90,X,,높음
결정사결혼,20,70,90,X,,높음
중매사이트,40,50,90,X,,높음
결혼중매회사,20,70,90,X,,높음
40대소개팅어플,10,80,90,X,,중간
가연결혼정보회사,30,60,90,X,,높음
결혼시장,20,70,90,X,,높음
재혼결혼정보회사,40,50,90,X,,높음
대전결혼,30,60,90,X,,높음
결혼정보카페,30,60,90,X,,높음
소개팅파티,30,60,90,X,,높음
결혼이벤트,20,70,90,X,,높음
김포소개팅,30,60,90,X,,높음
커플매칭프로그램,10,80,90,X,,높음
소개팅서비스,30,60,90,X,,높음
결혼중매,20,60,80,X,,높음
소개팅회사,20,60,80,X,,높음
결정사가입비용,30,50,80,X,,높음
재혼식,10,70,80,X,,높음
부산결혼,20,60,80,X,,높음
결혼할여자,10,70,80,X,,높음
수원결정사,50,30,80,X,,높음
소개팅여행,10,70,80,X,,중간
결혼중개,30,40,70,X,,높음
결혼등급표,10,60,70,X,,높음
결혼매칭,20,50,70,X,,높음
결혼점수,10,60,70,X,,높음
결정사노블,10,60,70,X,,높음
결혼컨설팅,10,60,70,X,,높음
커플매칭,20,50,70,X,,높음
매칭어플,20,50,70,X,,높음
재혼정보업체,60,10,70,X,,높음
중매업체,30,40,70,X,,높음
20대소개팅사이트,10,60,70,X,,높음
광주결혼정보,10,60,70,X,,높음
천안결혼정보,20,50,70,X,,높음
대구소개팅업체,20,50,70,X,,높음
구미결혼정보회사,20,50,70,X,,높음
하남소개팅,10,60,70,X,,중간
무료결혼상담소,5,60,65,X,,높음
가연결혼정보후기,5,60,65,X,,높음
결혼정보회사성혼비,30,30,60,X,,높음
맞선결혼,30,30,60,X,,높음
부산소개팅카페,10,50,60,X,,높음
재혼전문,10,50,60,X,,높음
남자소개팅,10,50,60,X,,높음
남자결혼비용,10,50,60,X,,중간
소개팅하는법,10,50,60,X,,중간
승무원소개팅,20,40,60,X,,높음
결혼정보회사채용,10,50,60,X,,중간
결혼하는방법,30,30,60,X,,높음
중년재혼,20,40,60,X,,높음
소개팅프로필,10,50,60,X,,높음
소개팅매칭,5,50,55,X,,높음
결혼정보사이트,30,20,50,X,,높음
결혼소개,10,40,50,X,,높음
결혼상담사,10,40,50,X,,높음
결혼사이트,10,40,50,X,,높음
결혼정보업체가격,40,10,50,X,,높음
결혼정보회사점수,30,20,50,X,,높음
직장인소개팅어플,10,40,50,X,,높음
전문직결혼정보회사,40,10,50,X,,높음
재벌결혼,10,40,50,X,,높음
재혼상담,10,40,50,X,,높음
전주결혼,30,20,50,X,,높음
서울결정사,20,30,50,X,,높음
대전소개팅업체,10,40,50,X,,높음
50대결혼정보회사,20,30,50,X,,높음
결혼소개팅,5,40,45,X,,높음
초등교사결혼,5,40,45,X,,높음
소개팅결혼,5,40,45,X,,높음
당진소개팅,5,40,45,X,,중간
결혼정보사,10,30,40,X,,높음
모두의소개팅,10,30,40,X,,중간
가연정보회사,10,30,40,X,,높음
소개팅추천,10,30,40,X,,높음
후불제소개팅,10,30,40,X,,높음
여자소개팅,10,30,40,X,,높음
무료재혼사이트,10,30,40,X,,높음
40대결혼정보회사,20,20,40,X,,높음
대구시결혼정보,10,30,40,X,,높음
돌싱결혼정보회사,10,30,40,X,,높음
웨딩사이트,10,30,40,X,,높음
듀오서울,10,30,40,X,,중간
결정사스펙,10,30,40,X,,중간
20대결혼정보회사,30,10,40,X,,높음
부산결혼정보,10,30,40,X,,높음
소개팅만남,10,30,40,X,,높음
회계사결혼,10,30,40,X,,높음
재혼가족,10,30,40,X,,높음
노블결혼정보회사,5,30,35,X,,높음
결혼사회,5,30,35,X,,높음
노블레스결혼,5,30,35,O,인기글,높음
가연결혼정보가입비,5,30,35,X,,높음
기독교재혼,5,30,35,X,,높음
울산결혼정보업체,30,5,35,X,,높음
부천결혼,5,30,35,X,,높음
재혼어플,5,30,35,X,,높음
결혼정보회사상담,20,10,30,X,,높음
결혼정보회사노블레스,10,20,30,X,,높음
한국결혼,10,20,30,X,,중간
결혼정보회사노블,10,20,30,X,,높음
결혼중개업체,20,10,30,O,육아·결혼 인기글,높음
결혼주선,10,20,30,X,,높음
재혼결혼정보,10,20,30,X,,높음
오프라인소개팅,10,20,30,X,,높음
결혼중개사,10,20,30,X,,높음
결혼상대찾기,10,20,30,X,,높음
재혼정보회사비용,10,20,30,X,,높음
재혼상담소,10,20,30,X,,높음
유료소개팅,10,20,30,X,,높음
결혼정보회사매니저,10,20,30,X,,중간
전문직결혼,10,20,30,X,,높음
인천결정사,10,20,30,X,,높음
기독교결혼정보,5,20,25,X,,높음
결정사노블레스,5,20,25,X,,높음
결정사퍼플스,5,20,25,X,,높음
지역소개팅,5,20,25,X,,높음
결혼정보업체가입비,20,5,25,X,,높음
결혼대행,5,20,25,X,,높음
30대소개팅어플,5,20,25,X,,높음
소개팅방법,5,20,25,X,,높음
결혼가연,5,20,25,X,,중간
결혼하려면,5,20,25,X,,높음
결혼소개업체,5,20,25,X,,높음
울산결혼정보,5,20,25,X,,높음
43살결혼,5,20,25,X,,중간
미혼모결혼,5,20,25,X,,중간
롯데시네마소개팅,5,20,25,X,,중간
충남소개팅,5,20,25,X,,높음
재혼소개팅,5,20,25,X,,높음
결정사재혼,5,20,25,X,,높음
부산재혼,5,20,25,X,,높음
제주도결혼정보회사,5,20,25,X,,높음
무료소개팅사이트,5,20,25,X,,높음
솔로소개팅,5,20,25,X,,높음
결혼정보회사파티,10,10,20,X,,높음
결혼등급테스트,10,10,20,X,,높음
결혼전문업체,10,10,20,X,,높음
기독교결혼정보회사추천,10,10,20,X,,높음
소개팅닷컴,10,10,20,X,,높음
매칭서비스,10,10,20,X,,높음
매칭사이트,10,10,20,X,,높음
결혼커뮤니티,10,10,20,X,,중간
결혼정보회사재혼,10,10,20,X,,높음
결혼정보회사비교,10,10,20,X,,높음
서울결혼정보업체,10,10,20,X,,높음
수원결혼정보업체,10,10,20,X,,높음
결혼정보회사프로필,10,10,20,X,,높음
재혼카페,10,10,20,X,,높음
상류층결혼정보,5,10,15,X,,높음
결혼준비업체,5,10,15,X,,높음
소개팅받는법,5,10,15,X,,높음
결혼중개회사,5,10,15,X,,높음
결혼중매업체,5,10,15,X,,높음
국내결혼,5,10,15,X,,높음
결혼대행업체,5,10,15,X,,높음
소개팅하는방법,5,10,15,X,,높음
2030소개팅,5,10,15,X,,높음
기독교결혼정보업체,10,5,15,X,,높음
결혼신청,5,10,15,X,,높음
결혼상담원,5,10,15,X,,높음
결혼직업순위,5,10,15,X,,낮음
결혼알선,5,10,15,X,,높음
결혼전문회사,5,10,15,X,,높음
국내결혼중개업,10,5,15,X,,높음
결혼할가연,5,10,15,X,,높음
크리스찬결혼정보회사,5,10,15,X,,높음
전주결혼정보업체,5,10,15,X,,높음
결혼스펙,5,10,15,X,,높음
결혼정보어플,5,10,15,X,,높음
제주결혼정보,5,10,15,X,,높음
중년결혼,5,10,15,X,,높음
일본결혼정보업체,5,10,15,X,,높음
창원결혼정보,5,10,15,X,,높음
맞선여행,5,10,15,X,,중간
가온결혼정보회사,5,10,15,X,,높음
꽃보다소개팅,5,10,15,X,,중간
맞선어플,5,10,15,X,,높음
천안결혼정보업체,5,10,15,X,,높음
재혼결혼,5,10,15,X,,높음
황혼소개팅,5,10,15,X,,중간
크리스천재혼,5,10,15,X,,높음
결혼업체비용,5,5,10,X,,높음
상류층결혼,5,5,10,X,,높음
노블결혼,5,5,10,X,,높음
상류층결정사,5,5,10,X,,높음
레드결혼정보회사,5,5,10,X,,중간
결혼중매사이트,5,5,10,X,,낮음
결혼준비사이트,5,5,10,X,,높음
소개팅웹,5,5,10,X,,높음
소개팅미팅,5,5,10,X,,높음
가연정보,5,5,10,X,,낮음
결혼가격,5,5,10,X,,높음
무료결혼,5,5,10,X,,높음
결혼전문,5,5,10,X,,높음
결혼중계,5,5,10,X,,높음
결혼중개업소,5,5,10,X,,높음
강남결혼상담소,5,5,10,X,,높음
인천결혼정보,5,5,10,X,,높음
결혼업체등급,5,5,10,X,,높음
데이트매칭,5,5,10,X,,높음
경남결정사,5,5,10,X,,높음
소개팅이벤트,5,5,10,X,,높음
재혼정보,5,5,10,X,,높음
노인결혼,5,5,10,X,,높음
실버소개팅,5,5,10,X,,낮음
결혼재혼,5,5,10,X,,낮음
소개팅블로그,5,5,10,X,,높음
