카테고리,연관키워드,월간검색수(PC),월간검색수(모바일),월평균클릭수(PC),월평균클릭수(모바일),월평균클릭률(PC),월평균클릭률(모바일),경쟁정도,월평균노출 광고수
화분,화분,"7,770","34,500",105.3,458.6,1.38%,1.51%,높음,8
화분,개업화분,"5,170","25,300",173.6,1144.7,3.38%,4.87%,높음,8
부자재,전지가위,"8,810","12,700",26,260.6,0.3%,2.38%,높음,8
기타원예,공기정화식물,"2,790","12,500",22.3,268.3,0.81%,2.34%,높음,8
기타원예,고무나무,"2,020","12,100",18.3,260,0.92%,2.29%,높음,8
부자재,식물등,"2,390","10,600",41.9,322.1,1.79%,3.44%,높음,8
기타원예,뱅갈고무나무,"1,750","10,900",22.4,271.5,1.3%,2.69%,높음,8
부자재,분무기,"2,990","7,900",10.3,97.3,0.35%,1.32%,높음,8
기타원예,인도고무나무,350,"10,500",4.2,93.2,1.22%,0.98%,높음,10
화분,거실화분,960,"9,850",19.9,300.5,2.1%,3.6%,높음,8
화분,화분받침대,"1,690","8,470",17.9,149.9,1.09%,2.09%,높음,8
마사토,마사토,"2,160","7,280",22.3,105.4,1.04%,1.63%,높음,8
기타원예,벵갈고무나무,< 10,"9,110",0,24.3,-,0.29%,높음,8
부자재,전동분무기,"1,090","6,920",8.8,70.3,0.83%,1.13%,높음,8
화분,대형화분,"1,620","6,190",34,121.3,2.14%,2.23%,높음,8
화분,축하화분,"1,550","5,320",56.9,277.5,3.66%,5.54%,높음,8
씨앗/모종,씨앗,"1,420","4,910",52.5,153.3,3.78%,3.44%,높음,8
화분,미니화분,"1,180","4,990",8.3,109.6,0.71%,2.52%,높음,8
화분,개업축하화분,930,"4,810",29.4,184.7,3.2%,4.29%,높음,8
조경/자갈,조경수,"1,010","4,730",18.5,41,1.86%,0.93%,높음,8
식물관리,식물영양제,"1,060","4,500",10.3,113.8,0.97%,2.73%,높음,8
식물관리,농약분무기,"1,150","4,390",18.3,142.4,1.67%,3.81%,높음,8
화분,도자기화분,640,"4,870",17.8,132.4,2.84%,3.18%,높음,8
화분,화분선반,820,"4,570",10.4,134.5,1.29%,3.27%,높음,8
흙/용토,분갈이흙,"1,370","3,920",12.3,120.6,0.95%,3.52%,높음,8
가드닝/인테리어,실내식물,430,"4,840",3,42,0.71%,0.95%,높음,8
흙/용토,피트모스,"1,020","4,130",15.1,140.9,1.52%,3.84%,높음,8
식물관리,비료살포기,810,"4,240",23.6,206.9,2.95%,5.54%,높음,8
부자재,물조리개,"1,630","3,340",1.6,32.3,0.11%,1.03%,높음,8
식물관리,유박비료,600,"4,330",3.8,154.1,0.66%,4.1%,높음,10
씨앗/모종,연꽃씨앗,510,"4,400",6.3,164.3,1.48%,4.85%,높음,8
화분,인테리어화분,610,"4,130",7.3,74.3,1.2%,2.1%,높음,8
기타원예,묘목,"1,430","3,300",60.6,94,4.47%,3.2%,높음,10
기타원예,떡갈고무나무,680,"3,820",5.4,90.5,0.83%,2.52%,높음,8
화분,플라스틱화분,810,"3,650",19.5,115.2,2.45%,3.64%,높음,8
화분,다육이화분,630,"3,660",7.5,127.5,1.23%,4.24%,높음,8
흙/용토,상토,"1,360","2,880",8,67.7,0.61%,2.6%,높음,8
화분,화분쇼핑몰,450,"3,750",16.6,194,3.69%,6.44%,높음,10
씨앗/모종,모종,"1,210","2,940",12,33,1.02%,1.23%,높음,8
조경/자갈,맥반석,660,"3,400",3.1,37.5,0.47%,1.18%,높음,8
부자재,동력분무기,980,"3,020",13.9,118.3,1.44%,4.31%,높음,10
흙/용토,펄라이트,900,"3,050",10.3,87.1,1.19%,3.09%,높음,8
식물관리,퇴비,900,"3,020",3,18.5,0.36%,0.72%,높음,8
식물관리,비료,"1,310","2,440",4.8,21.8,0.37%,1%,높음,8
조경/자갈,자갈,990,"2,760",22,69.8,2.25%,2.75%,높음,8
화분,화분배달,790,"2,920",39.1,180.9,4.94%,6.7%,높음,10
식물관리,뿌리발근제,360,"3,250",8.8,122.6,2.68%,4.61%,높음,8
흙/용토,배양토,890,"2,590",9.3,58.1,1.08%,2.47%,높음,8
기타원예,원예,"1,020","2,450",4,10.5,0.41%,0.46%,높음,10
화분,꽃화분,490,"2,970",5.9,35.6,1.21%,1.4%,높음,8
부자재,고압분무기,720,"2,700",14.1,69.8,2.05%,2.94%,높음,8
식물관리,발근제,340,"2,990",4.3,123,1.32%,4.41%,높음,8
식물관리,농약살포기,510,"2,570",17.6,113,3.58%,5.2%,높음,8
기타원예,관엽식물종류,240,"2,790",4,48.6,1.68%,1.84%,높음,10
화분,화분정리대,300,"2,580",4,85.4,1.35%,3.79%,높음,8
부자재,식물지지대,350,"2,520",1.4,47.3,0.4%,2.44%,높음,8
화분,개업식화분,310,"2,550",9.3,103.5,3%,4.48%,높음,10
기타원예,다육이키우는법,190,"2,600",2.3,101.4,1.2%,4.22%,높음,10
씨앗/모종,종자,690,"2,040",5.4,10,0.82%,0.53%,높음,8
부자재,자동분무기,510,"2,120",6.6,65,1.29%,3.32%,높음,8
화분,화분거치대,300,"2,300",5.1,66.2,1.71%,3.42%,높음,8
화분,집들이화분,240,"2,360",2.6,40.9,1.09%,2.09%,높음,8
부자재,물뿌리개,660,"1,900",3.8,42.1,0.59%,2.48%,높음,8
화분,화분선물,450,"2,050",15.1,73,3.39%,4.19%,높음,10
흙/용토,질석,500,"1,960",5.4,88.3,1.08%,4.67%,높음,8
식물관리,농약사,360,"2,100",2.7,20,0.77%,1.15%,중간,8
화분,행잉화분,360,"2,070",5,47.9,1.4%,2.88%,높음,8
화분,다이소화분받침대,220,"2,180",4.1,56.3,1.9%,3.19%,중간,7
화분,화분다이,190,"2,200",1.1,37.3,0.58%,1.95%,높음,8
화분,화분받침,430,"1,940",5.3,41.2,1.23%,2.44%,높음,8
기타원예,인테리어식물,340,"1,960",8.3,56,2.39%,3.06%,높음,8
부자재,식물등스탠드,290,"1,980",4.8,71.1,1.67%,3.94%,높음,10
기타원예,다육,220,"2,010",3.1,46.5,1.46%,2.52%,높음,10
마사토,마사,400,"1,790",1.1,4.3,0.29%,0.27%,높음,10
화분,블루베리화분,420,"1,700",13.3,91.9,3.25%,6.3%,높음,10
화분,개업화분문구,590,"1,500",3.4,23.4,0.58%,1.57%,높음,10
화분,화분영양제,360,"1,730",3.1,63.5,0.88%,4.01%,높음,8
씨앗/모종,딸기모종,400,"1,630",4.9,45.5,1.27%,3%,높음,8
기타원예,미세먼지정화식물,110,"1,870",0.5,14.3,0.52%,0.91%,높음,8
흙/용토,난석,350,"1,620",4.1,40.9,1.18%,2.83%,높음,8
부자재,충전전지가위,290,"1,660",7.7,89.8,2.65%,5.94%,높음,10
텃밭/농업,상인농자재,700,"1,240",43.5,107.5,6.5%,9.03%,중간,4
기타원예,분갈이,450,"1,480",2.4,9.6,0.54%,0.71%,높음,10
화분,금전수화분,220,"1,710",6,56.8,2.7%,3.37%,높음,10
화분,실내화분,270,"1,660",2.5,26.3,0.94%,1.86%,높음,8
화분,화분받침대바퀴,220,"1,710",4.8,39.6,2.1%,2.61%,높음,8
가드닝/인테리어,가드닝,530,"1,370",2.6,8.5,0.52%,0.72%,높음,8
화분,저면관수화분,300,"1,580",2.5,18.9,0.82%,1.45%,높음,8
기타원예,구근식물,260,"1,620",4.9,44,1.92%,2.93%,높음,8
화분,예쁜화분,240,"1,600",4.1,45.5,1.71%,3.32%,높음,8
화분,개업화분배달,220,"1,620",13.2,115.6,6.03%,7.7%,높음,10
화분,거실화분인테리어,140,"1,670",3.6,39.4,2.52%,3.04%,높음,8
화분,거실대형화분,130,"1,660",3.8,49.2,2.87%,3.79%,높음,8
화분,화분커버,230,"1,510",2.6,37.8,1.18%,3.31%,높음,8
씨앗/모종,고추씨앗,260,"1,470",11.3,88.3,4.35%,6.13%,높음,8
식물관리,복합비료,400,"1,310",4.3,27.3,1.08%,2.33%,높음,8
부자재,충전식분무기,390,"1,310",4.1,39.4,1.05%,3.33%,높음,10
화분,빈티지화분,210,"1,480",2.1,27.2,1.04%,2.25%,높음,8
흙/용토,상토흙,230,"1,450",5,70.4,2.23%,5.21%,높음,10
화분,원목화분받침대,190,"1,490",3.9,53.3,2.06%,4.44%,높음,8
화분,나무화분,460,"1,210",5.6,20.4,1.23%,2.05%,높음,8
식물관리,유기질비료,400,"1,270",4.6,32.5,1.17%,2.72%,높음,8
기타원예,식물선반,270,"1,400",3.9,33.1,1.45%,2.75%,높음,8
씨앗/모종,고추모종,360,"1,280",2,21.8,0.6%,1.84%,높음,8
흙/용토,부엽토,370,"1,240",2.6,20.3,0.73%,1.84%,높음,8
흙/용토,황토흙,190,"1,420",5.3,75.6,2.92%,6.27%,높음,10
흙/용토,적옥토,300,"1,290",2.4,39.1,0.81%,3.35%,높음,8
씨앗/모종,상추모종,390,"1,170",7.9,37.8,2.05%,3.71%,높음,8
식물관리,다이소식물영양제,240,"1,300",1.6,14.9,0.66%,1.22%,중간,6
텃밭/농업,방울토마토키우기,230,"1,290",0.7,17,0.3%,1.42%,높음,10
화분,화분진열대,170,"1,350",3.9,31,2.22%,2.64%,높음,8
화분,화분종류,160,"1,340",4,33.8,2.47%,2.67%,높음,10
화분,슬릿화분,270,"1,230",5.8,44.1,2.21%,4.14%,높음,8
흙/용토,원예용상토,260,"1,210",4.3,32.8,1.65%,3.05%,높음,8
식물관리,석회고토비료,180,"1,290",3.2,60.8,1.91%,5.16%,높음,10
부자재,전지가위추천,160,"1,300",6,81.4,3.78%,6.52%,높음,10
흙/용토,다육이흙,130,"1,310",3.3,72.3,2.49%,6.47%,높음,8
화분,축하화분배달,190,"1,250",11.3,84.8,5.86%,6.81%,높음,10
씨앗/모종,땅두릅모종,170,"1,220",4.1,92.3,2.68%,8.57%,높음,10
씨앗/모종,나은모종,190,"1,180",23.3,3.2,12.5%,0.3%,중간,1
흙/용토,화분흙,260,"1,090",2.4,33.5,0.91%,3.41%,높음,8
씨앗/모종,히카마씨앗,90,"1,230",3.6,100.5,4.27%,8.51%,높음,10
기타원예,원예치료사,260,"1,000",4,47.4,1.56%,4.85%,높음,10
화분,사무실화분,430,810,5.6,12.6,1.32%,1.77%,높음,8
화분,이케아화분선반,110,"1,130",1.9,43.3,1.76%,4.1%,높음,8
조경/자갈,정원꾸미기,250,980,4.6,41.4,1.93%,5.21%,높음,10
식물관리,규산질비료,240,980,1.3,31.5,0.52%,3.38%,높음,8
식물관리,칼슘유황비료,170,"1,030",1.5,51,0.96%,5.46%,높음,8
흙/용토,녹소토,180,"1,010",2.8,41.8,1.62%,4.59%,높음,8
부자재,엔진분무기,220,970,3,32.7,1.4%,3.79%,높음,10
화분,거실화분선반,110,"1,080",2.5,46.5,2.3%,4.69%,높음,8
화분,로즈마리화분,170,"1,010",2.1,27.8,1.25%,2.96%,높음,8
화분,화분분갈이,280,870,0.9,12.8,0.33%,1.73%,높음,10
식물관리,요소비료,240,910,2.4,24.4,0.98%,3.12%,높음,8
화분,다육화분,100,"1,020",0.9,23.6,0.87%,2.83%,높음,8
부자재,제라늄삽목,80,"1,030",0.5,17.3,0.62%,1.77%,중간,8
기타원예,금전수분갈이,120,980,0.4,14.8,0.33%,1.62%,높음,10
화분,큰화분,150,950,3.1,22.8,2.1%,2.95%,높음,10
조경/자갈,잔디씨앗,210,890,3.1,39.4,1.55%,6.47%,높음,8
부자재,삽목,260,840,0,0,-,-,낮음,0
조경/자갈,실내정원,260,840,4.9,13.2,1.83%,1.78%,높음,10
부자재,모종삽,330,760,1.1,7.5,0.34%,1.05%,높음,8
조경/자갈,백자갈,290,790,5.5,18.3,1.88%,2.71%,높음,8
식물관리,완효성비료,260,810,3.9,27.8,1.52%,3.66%,높음,8
씨앗/모종,꽃씨앗,160,910,9.4,75.8,6.09%,9.18%,높음,8
식물관리,퇴비가격,100,960,2,34.8,1.92%,3.94%,높음,10
기타원예,몬스테라분갈이,110,940,0.3,6.5,0.23%,0.75%,높음,8
텃밭/농업,상추키우기,300,750,1.7,18.4,0.58%,2.62%,높음,10
부자재,다이소물조리개,140,910,0,0.3,-,0.04%,중간,3
흙/용토,팽창질석,550,490,7.3,8,1.35%,1.71%,중간,5
화분,사각화분,180,860,2.1,14.6,1.16%,2.14%,높음,8
기타원예,왕산딸기묘목,110,920,4,39.8,3.91%,5.09%,중간,4
씨앗/모종,바질씨앗,150,870,1.1,25.3,0.8%,3.07%,높음,8
부자재,충전분무기,300,700,3.4,21,1.13%,3.2%,높음,8
화분,화분스탠드,160,830,0.6,8.5,0.41%,1.09%,높음,8
가드닝/인테리어,식물인테리어,190,790,3.1,15.4,1.65%,2.23%,높음,10
씨앗/모종,눈개승마모종,110,860,3.7,70.8,3.79%,10.84%,높음,9
조경/자갈,실내조경,450,520,18.3,31.8,3.99%,6.12%,높음,10
화분,화분선반대,70,900,0.6,31.1,0.92%,3.9%,높음,8
화분,대형화분받침대,70,900,0.5,7,0.73%,0.82%,높음,8
기타원예,묘목시장,270,680,29.9,71.8,12.16%,12.54%,높음,10
화분,벽걸이화분,130,810,2.1,35.5,1.63%,4.65%,높음,8
기타원예,나무묘목,230,700,20.6,37.6,9.63%,6.35%,높음,10
씨앗/모종,딸기씨앗,90,840,1.1,12,1.22%,1.64%,높음,10
씨앗/모종,고수씨앗,70,860,0.6,32.8,0.81%,4.17%,높음,8
씨앗/모종,상추씨앗,180,740,6.8,27.8,4%,4.43%,높음,8
화분,바퀴화분받침대,50,860,0.6,5,1.18%,0.62%,높음,8
흙/용토,블루베리상토,180,720,4.1,39.5,2.48%,6.2%,높음,8
화분,베란다화분선반,70,820,1.3,20.6,1.67%,3.3%,높음,8
화분,화분분갈이방법,120,770,0.4,13.5,0.35%,1.9%,높음,10
화분,개업화분추천,170,690,2.6,16.2,1.53%,2.37%,높음,10
화분,파키라화분,70,780,1.8,31.3,2.4%,4.15%,높음,8
화분,원형화분받침대,40,810,1,5.8,2.09%,0.79%,높음,8
화분,화분대,150,700,1.6,17,1.08%,2.65%,높음,8
식물관리,NK비료,180,650,1.6,28,0.96%,5.29%,높음,8
씨앗/모종,모종파는곳,100,730,1.8,21.5,1.72%,3.4%,높음,8
화분,이동식화분받침대,190,640,3.9,15,2.12%,2.54%,높음,8
화분,화분물받침대,80,750,1,6.5,1.25%,0.92%,높음,8
화분,화분지지대,110,720,1.9,26.1,1.64%,4.39%,높음,8
화분,식물화분,110,710,0.8,8.8,0.67%,1.31%,높음,8
화분,베란다화분걸이,90,720,0.1,16.3,0.14%,2.99%,높음,8
텃밭/농업,수경재배영양제,140,670,2.8,23.8,1.9%,3.73%,높음,8
씨앗/모종,꽃모종,210,590,7.4,23.8,3.81%,4.55%,높음,8
화분,화분갈이,80,710,1.1,12.6,1.28%,2.15%,높음,10
화분,소형화분,180,600,3.1,14.3,1.76%,2.43%,높음,8
기타원예,집에서키우는식물,70,710,0.6,16,0.81%,2.45%,높음,8
화분,스투키화분,130,640,1.4,14.3,0.99%,2.34%,높음,8
부자재,동력살분무기,370,400,4.4,17,1.17%,4.25%,높음,8
씨앗/모종,해바라기씨앗,130,640,1,11,0.83%,1.83%,높음,8
화분,시멘트화분,150,610,2.5,2.3,1.59%,0.49%,높음,8
부자재,아폴로분무기,220,540,1.6,11.8,0.74%,2.38%,높음,8
조경/자갈,강자갈,210,520,5.3,28.7,2.63%,6.16%,높음,10
화분,돈들어오는화분,60,670,0.4,18.5,0.58%,2.88%,높음,8
식물관리,질소비료,110,610,0.8,19.3,0.65%,3.37%,높음,8
부자재,분무기스프레이,140,570,0.6,15.3,0.45%,2.78%,높음,8
씨앗/모종,메리골드씨앗,110,600,3.1,28.8,2.98%,5.08%,높음,8
기타원예,다육이분갈이,70,630,0.4,16,0.56%,2.75%,높음,10
마사토,세척마사토,160,540,3.3,24.3,2.04%,4.68%,높음,8
흙/용토,흙집,90,610,1.2,7.8,1.23%,1.49%,높음,10
식물관리,블루베리비료,140,560,4.9,36,3.78%,7.58%,높음,8
식물관리,인산가리비료,90,610,3.3,36.1,3.43%,6.69%,높음,8
씨앗/모종,냉이씨앗,50,650,1.5,38.3,2.73%,6.92%,높음,8
씨앗/모종,완두콩씨앗,110,590,2.6,30.5,2.37%,6%,높음,8
화분,빈화분,250,430,1.5,8.5,0.62%,2.01%,높음,8
부자재,충전식전지가위,70,610,2.3,34.8,3.29%,6.02%,높음,10
조경/자갈,조경업체,300,370,14,16.2,4.73%,4.53%,높음,10
식물관리,삽목발근제,60,610,2.5,26.3,3.86%,4.98%,높음,10
씨앗/모종,달래씨앗,80,590,2.1,27,2.76%,4.87%,중간,7
기타원예,유실수묘목,180,480,18.3,44.8,10.71%,10.55%,높음,10
조경/자갈,정원용품,120,540,7.3,27.8,6.3%,6.92%,높음,10
화분,투명화분,110,540,1.5,16,1.31%,3.01%,높음,8
화분,개업선물화분,90,560,1.8,19.8,1.88%,3.49%,높음,10
화분,고급화분,90,560,3.5,12.8,3.73%,2.33%,높음,8
기타원예,뱅갈나무,120,530,1.6,20.8,1.33%,4.12%,높음,8
화분,화분물조리개,130,520,0.1,9,0.1%,1.77%,높음,8
씨앗/모종,도라지씨앗,130,520,3.1,23.8,2.47%,5.08%,높음,8
화분,베란다화분,90,550,0.8,5.5,0.84%,1.3%,높음,8
화분,화분분무기,100,540,1.6,19.7,1.57%,4.19%,높음,8
화분,동백나무화분,70,570,1.3,7.5,1.79%,1.42%,높음,8
씨앗/모종,양귀비씨앗,130,500,0.9,3.5,0.75%,0.78%,높음,10
조경/자갈,옥상정원,210,410,4.3,17.8,2.12%,4.66%,높음,10
화분,선인장화분,90,530,0.9,5.3,0.92%,1.05%,높음,8
화분,긴화분,110,510,0.8,16.3,0.66%,3.52%,높음,8
화분,공기정화화분,110,510,2.8,16.3,2.34%,3.5%,높음,8
기타원예,가습식물,130,490,0.5,5.5,0.39%,1.21%,높음,10
부자재,식물이름표,140,480,1.4,14.3,0.98%,3.12%,높음,8
식물관리,충전식농약분무기,90,530,1.8,15,2.28%,3.33%,높음,10
가드닝/인테리어,홈가드닝,270,340,3.4,6.3,1.22%,2.11%,높음,8
씨앗/모종,삼잎국화모종,60,550,2.5,6.6,4.71%,1.5%,중간,6
씨앗/모종,유럽상추씨앗,80,530,3.8,29,4.58%,7.02%,중간,7
씨앗/모종,질경이씨앗,50,560,0.3,13.8,0.56%,2.57%,높음,10
화분,귀여운화분,90,500,0.3,3,0.27%,0.67%,높음,8
화분,개업화분종류,100,490,1.9,22.2,1.78%,4.66%,높음,10
화분,분갈이화분,100,490,3.3,8,3.1%,1.71%,높음,8
기타원예,원예치료,290,290,3.5,10.3,1.23%,3.61%,높음,10
기타원예,원예종묘,290,290,33.5,41.6,12.06%,14.45%,높음,10
식물관리,칼슘비료,110,470,2.8,22.3,2.53%,5.1%,높음,8
씨앗/모종,감자씨앗,80,500,3.6,32.8,4.37%,7.2%,높음,8
화분,화분걸이,70,500,0.7,7.5,0.95%,1.62%,높음,10
씨앗/모종,토마토모종,90,480,0.4,10,0.43%,2.32%,높음,8
식물관리,감자전용비료,120,450,3.7,23.8,3.14%,6.03%,높음,8
기타원예,사무실식물,210,360,1.4,3.8,0.66%,1.1%,높음,8
화분,옹기화분,100,470,2.4,18,2.43%,3.99%,높음,8
기타원예,묘목파는곳,100,460,9.9,44,10.77%,10.74%,높음,10
화분,화분만들기,110,450,0,3.5,-,1.16%,높음,8
화분,항아리화분,60,500,1.3,10.3,1.87%,2.36%,높음,8
화분,화분물받이,110,450,1,7.5,0.84%,1.84%,높음,8
씨앗/모종,차이브씨앗,60,500,2,38.3,3.67%,7.86%,중간,7
화분,직사각화분,120,430,2.6,15.3,2.21%,3.87%,높음,8
씨앗/모종,루꼴라씨앗,90,460,0.5,9.3,0.56%,2.26%,높음,10
화분,대나무화분,80,460,1.6,22.5,2.06%,5.14%,높음,8
흙/용토,휴가토,140,390,0.8,10.3,0.54%,2.84%,높음,8
기타원예,옥천나무시장,90,440,7.4,42.1,8.32%,11.21%,높음,10
식물관리,액비,200,330,0.5,3,0.26%,0.99%,높음,8
마사토,마사토가격,100,420,4.4,36.9,4.4%,9.72%,높음,10
기타원예,금호선인장,30,490,0.3,5.3,0.9%,1.15%,높음,10
조경/자갈,조경자재,320,200,13.7,12.4,4.22%,6.36%,높음,10
가드닝/인테리어,거실식물인테리어,70,450,0.6,8.8,0.83%,2.07%,높음,8
기타원예,산세베리아분갈이,50,470,0.3,0.7,0.58%,0.15%,중간,3
기타원예,군자란분갈이,20,490,0.3,10.5,1.24%,2.36%,중간,7
부자재,분무기헤드,190,320,1,4,0.51%,1.27%,높음,8
씨앗/모종,고추종자,100,410,2.5,22,2.36%,5.45%,높음,8
화분,유리화분,80,420,1.4,9,1.77%,2.21%,높음,8
씨앗/모종,방울토마토모종,150,350,1.3,8.3,0.85%,2.7%,높음,8
씨앗/모종,아스파라거스모종,60,440,0.9,13.5,1.4%,3.48%,높음,8
조경/자갈,해미석,260,240,4.3,6.6,1.66%,2.78%,높음,10
씨앗/모종,대파모종,120,380,2.7,9.8,2.52%,3.02%,중간,7
화분,중형화분,60,430,1.4,9.5,2.15%,2.22%,높음,8
화분,원목화분선반,50,440,0.9,13.5,1.63%,3.17%,높음,8
부자재,막삽,210,280,1.5,8.3,0.72%,3.02%,높음,8
씨앗/모종,당근씨앗,70,410,0.8,14.8,1.02%,3.71%,높음,8
기타원예,실내나무,50,430,1.1,5.3,2.05%,1.32%,높음,8
텃밭/농업,농사용비닐,130,350,4.5,18,3.79%,5.58%,높음,8
화분,화분이름표,110,370,1.5,7.8,1.41%,2.13%,높음,8
기타원예,원예치료사자격증,120,350,3.9,25.8,3.23%,7.53%,높음,10
조경/자갈,조경회사,160,310,6.4,7.4,4.03%,2.45%,높음,10
화분,책상화분,140,330,2.5,12.3,1.84%,3.79%,높음,8
식물관리,수경식물영양제,70,400,0.6,10.5,0.87%,2.78%,높음,8
식물관리,질산칼슘비료,70,400,2.1,25.3,3.05%,7%,높음,10
부자재,엔진동력분무기,90,380,2.8,16,2.95%,4.4%,높음,10
씨앗/모종,채소씨앗,160,300,6.9,13,4.34%,4.68%,높음,7
화분,개업화분당일배송,50,400,3.6,21,6.87%,5.29%,높음,7
식물관리,엔텍비료,90,360,2.7,18.3,3.17%,5.56%,중간,6
조경/자갈,조경공사,280,160,3.5,1.4,1.27%,0.89%,높음,10
텃밭/농업,텃밭상자,150,290,4.3,10.6,2.99%,3.98%,높음,10
식물관리,가축분퇴비,110,330,1.2,5,1.07%,1.93%,높음,8
씨앗/모종,땅두릅씨앗,80,360,3.3,29.8,4.23%,8.7%,높음,8
부자재,원예용품,220,210,5.6,13,2.8%,6.29%,높음,8
기타원예,대림묘목,130,300,13.1,33.5,10.37%,12.19%,중간,8
화분,화분파는곳,30,400,0,2.5,-,0.7%,높음,8
화분,사무실개업화분,80,350,1.4,15.6,1.6%,5.19%,높음,8
식물관리,야라비료,100,330,3.8,19.3,3.71%,6.14%,높음,8
조경/자갈,수직정원,180,250,5.1,10,2.9%,4.12%,높음,10
부자재,자동전지가위,40,390,0.3,20,0.55%,5.59%,높음,8
씨앗/모종,잔대씨앗,50,380,1.9,34.5,4.17%,9.86%,높음,8
가드닝/인테리어,실내식물인테리어,10,410,1.3,2.8,10.72%,0.77%,높음,7
화분,이쁜화분,50,370,0.4,4,0.64%,1.14%,높음,8
화분,화분배송,110,310,5.7,27.8,4.92%,8.97%,높음,10
식물관리,고추전용비료,60,360,0.9,17.3,1.61%,5.33%,높음,10
식물관리,유안비료,130,290,1.8,3.2,1.37%,1.28%,중간,4
텃밭/농업,도시농업,200,220,1.5,7.8,0.77%,3.68%,높음,10
흙/용토,동생사,120,290,1.6,7.5,1.34%,2.63%,중간,7
흙/용토,오키아타바크,100,310,1.1,8,1.11%,2.69%,높음,8
가드닝/인테리어,밍이네가든,100,310,7.4,24,7.32%,8.14%,중간,5
기타원예,분갈이매트,90,320,1.3,6,1.46%,2.05%,높음,8
화분,원목화분정리대,20,390,1,11.3,3.58%,3.41%,높음,8
씨앗/모종,대파씨앗,60,350,1.4,15.5,2.38%,4.66%,높음,8
기타원예,베란다식물,80,330,0.4,1.3,0.47%,0.42%,높음,8
씨앗/모종,참깨씨앗,70,340,1.4,11.5,1.89%,3.51%,높음,8
화분,화분가격,60,340,0.5,7.3,0.77%,2.18%,높음,8
화분,개원화분,90,310,4.9,15.3,4.88%,4.89%,높음,8
식물관리,미량요소비료,90,310,1.3,21,1.41%,6.96%,높음,8
식물관리,인산비료,80,320,2.6,14,3.37%,4.64%,높음,8
식물관리,유황비료,60,340,2.2,14,3.61%,4.55%,높음,8
기타원예,꽃식물,40,360,0,0.3,-,0.1%,중간,3
부자재,이케아물조리개,50,350,0,0.3,-,0.1%,높음,3
기타원예,출장분갈이,70,320,2.8,8.6,3.94%,2.83%,높음,9
기타원예,난분갈이,60,330,0.2,8.3,0.35%,2.65%,높음,10
화분,고무나무화분,60,330,1.1,8.3,1.85%,2.46%,높음,8
기타원예,나무영양제,100,290,2.3,5,2.11%,1.85%,높음,8
부자재,나무지지대,80,310,0.6,4.3,0.72%,1.47%,높음,8
부자재,미니분무기,70,320,0,0.3,-,0.09%,높음,8
부자재,나무전지가위,40,350,1.1,26.5,2.56%,8.04%,높음,8
흙/용토,블루베리흙,40,340,1.1,14.5,2.56%,4.77%,높음,8
화분,크로톤화분,40,340,1.1,6.5,2.4%,1.93%,높음,8
기타원예,관엽,140,240,1.6,2.3,1.12%,1.02%,높음,8
화분,트롤화분,70,310,1.1,9,1.53%,3.13%,중간,4
기타원예,실내정화식물,50,320,0.6,10.5,1.23%,3.6%,높음,8
화분,감성화분,80,290,1.8,7.8,1.95%,2.89%,높음,8
화분,스마트화분,110,260,0.4,6.8,0.34%,2.87%,높음,8
식물관리,감자비료,60,310,0.8,6.3,1.2%,2.2%,높음,8
텃밭/농업,온실가루이,90,280,0.1,2,0.12%,0.74%,높음,10
텃밭/농업,콩나물재배,60,310,0.5,8.3,0.84%,2.71%,높음,8
흙/용토,화분분갈이흙,50,310,0.5,16.3,0.95%,5.79%,높음,10
흙/용토,화분갈이흙,50,310,1.8,16.5,3.22%,5.98%,높음,10
흙/용토,다육이분갈이흙,30,330,0.7,9.3,2%,3.45%,높음,10
기타원예,묘목농원,130,230,12.7,17.6,10.41%,8.67%,높음,10
식물관리,붕소비료,50,310,0.8,14.3,1.63%,5.38%,높음,8
화분,행운목화분,50,310,1,7.8,1.89%,2.52%,높음,8
식물관리,식물발근제,40,320,0.6,11.3,1.36%,4.1%,높음,8
부자재,전기분무기,80,280,0.8,6,0.93%,2.36%,높음,8
씨앗/모종,쪽파씨앗,40,320,0.7,15.5,1.44%,6.04%,높음,9
흙/용토,소나무바크,80,270,2.8,15.3,3.06%,6.13%,높음,8
화분,화분추천,50,300,0.3,2.8,0.44%,0.93%,높음,8
화분,봄꽃화분,50,300,0,1,-,0.4%,높음,8
화분,직사각형화분,80,270,1.8,6.5,2.06%,2.53%,높음,8
기타원예,공기정화식물종류,30,320,0.5,12.8,1.29%,4.21%,높음,8
씨앗/모종,제라늄씨앗,40,310,1,16.3,2.33%,5.55%,높음,8
화분,화분테이블,50,300,0,2,-,0.71%,높음,8
화분,철제화분선반,30,320,0.6,8,2.09%,2.99%,높음,8
텃밭/농업,히카마재배,30,320,0.4,15.8,1.52%,4.93%,높음,7
흙/용토,용토,140,200,0.4,5.5,0.29%,2.95%,높음,8
마사토,다이소마사토,60,280,0,0,-,-,중간,2
흙/용토,무비상토,60,280,2.5,11.8,3.7%,4.52%,중간,4
조경/자갈,흑자갈,130,210,4.3,6.3,3.11%,3.23%,높음,8
기타원예,대형선인장,40,300,1.3,7.8,2.78%,2.69%,높음,8
화분,극락조화분,40,300,0.5,8.5,1.17%,2.97%,높음,8
식물관리,석회비료,60,280,0.5,5.8,0.72%,2.19%,높음,8
씨앗/모종,봄꽃씨앗,50,290,2.1,20.3,3.94%,8.17%,높음,8
식물관리,알비료,60,270,0.3,4.3,0.41%,1.67%,높음,8
기타원예,복지원예사,120,210,1,0,0.78%,-,중간,1
화분,화분가게,20,310,0,2.8,-,0.95%,높음,10
씨앗/모종,허브모종,80,250,1.1,8.8,1.36%,3.76%,높음,8
식물관리,액체비료,80,250,0.6,2,0.74%,0.95%,높음,8
화분,화분도매,100,220,7.2,13.3,7.2%,6.34%,높음,10
화분,집들이선물화분,40,280,0.5,4,1.17%,1.42%,높음,10
식물관리,관엽식물영양제,30,290,0,9.5,-,3.5%,높음,8
씨앗/모종,고추모종키우기,40,280,0.6,7,1.75%,2.79%,중간,6
화분,화분돌,60,260,0.4,7.8,0.67%,3.08%,높음,8
씨앗/모종,어수리모종,30,290,1.5,17.2,4.92%,6.49%,중간,4
식물관리,고형비료,120,190,2.8,10,2.3%,5.5%,높음,8
기타원예,소나무껍질,40,270,0.3,11.5,0.54%,4.41%,높음,8
화분,선물용화분,80,230,2.2,4.6,2.72%,2.05%,높음,10
화분,개업미니화분,50,260,0.8,4,1.42%,1.57%,높음,8
화분,사무실이전화분,140,170,5.4,10,3.71%,5.59%,높음,8
화분,사각대형화분,110,200,3.5,14.3,3.02%,7.25%,높음,10
화분,가게오픈화분,30,280,1.1,13.6,2.69%,4.99%,높음,10
화분,라탄화분,50,260,1.4,2.5,2.7%,0.99%,높음,8
씨앗/모종,씨앗몰,80,230,1.9,4.3,2.29%,1.87%,높음,8
화분,수제화분,40,260,0.3,6,0.61%,2.35%,높음,8
화분,엔틱화분,50,250,1.1,7.3,2.17%,2.98%,높음,8
화분,인테리어조화화분,50,250,2.1,5.5,4.17%,2.71%,높음,8
식물관리,단한번비료,80,220,0.7,4.1,0.85%,1.97%,중간,3
씨앗/모종,오이씨앗,60,240,2,8.8,3.51%,4.15%,높음,8
화분,거실화분받침대,40,260,1.2,9,3.34%,4.15%,높음,10
기타원예,동화속나무,100,200,0.6,7.8,0.61%,4.06%,중간,8
조경/자갈,꽃잔디씨,40,260,0.5,10.1,1.12%,4.44%,중간,6
부자재,압축식분무기,100,200,1.6,4,1.5%,2.04%,높음,8
기타원예,희귀다육이,30,270,0.5,14.3,1.48%,5.77%,높음,10
씨앗/모종,곤드레씨앗,20,280,1.6,19,6.25%,6.6%,높음,8
조경/자갈,잔디비료,100,190,0.8,3,0.79%,1.9%,높음,8
기타원예,원예활동,100,190,0.9,0.3,0.89%,0.14%,높음,8
식물관리,유기농비료,20,270,0.3,12.8,1.05%,4.69%,높음,8
화분,모종화분,70,220,1.9,11,2.68%,5.27%,높음,8
씨앗/모종,딸기모종키우기,40,250,0,0,-,-,높음,3
화분,화분물뿌리개,70,220,0.4,2.3,0.53%,1.09%,높음,8
화분,화분깔망,50,240,0.3,9.3,0.56%,4.08%,높음,8
씨앗/모종,허브씨앗,50,240,3.9,16.5,7.18%,7.47%,높음,8
씨앗/모종,땅콩씨앗,60,230,1.9,11.8,3.18%,5.68%,높음,10
화분,낮은화분,40,240,0.5,1.5,1.05%,0.66%,높음,8
화분,오픈화분,40,240,0.9,12.3,1.99%,5%,높음,8
조경/자갈,자갈돌,40,240,0.6,8.8,1.34%,4.02%,높음,10
화분,사각화분받침대,60,220,0.1,4.5,0.2%,2.08%,높음,8
부자재,분무기통,70,210,1,5.3,1.34%,2.58%,높음,8
씨앗/모종,수박씨앗,50,230,0.4,9.5,0.73%,4.42%,높음,8
텃밭/농업,코알라농기구,60,220,1.5,0,2.56%,-,중간,3
씨앗/모종,궁채씨앗,20,260,1.3,15.9,5.46%,6.56%,중간,5
화분,화분분갈이시기,20,260,0,0,-,-,높음,3
기타원예,원예수업,110,160,1.6,4.8,1.43%,3.07%,높음,10
화분,넓은화분,50,220,0.8,1.8,1.48%,0.84%,높음,8
화분,수국화분,40,230,0.3,5,0.59%,2.36%,높음,8
화분,원형화분,70,200,0.9,2.3,1.24%,1.24%,높음,8
기타원예,고무나무키우기,50,220,0.2,4.7,0.34%,2.26%,중간,6
화분,특대형화분,40,230,1.5,9.5,3.13%,4.14%,높음,8
식물관리,고구마비료,40,230,0.7,7,1.6%,3.63%,높음,10
화분,화분비료,50,220,0,7.3,-,3.44%,높음,8
흙/용토,흙콘크리트,210,60,5.1,6.6,2.58%,11.38%,높음,10
씨앗/모종,강낭콩씨앗,50,220,1.8,9.5,3.31%,4.64%,높음,8
부자재,농업용분무기,60,210,1.4,5.5,2.26%,2.75%,높음,8
씨앗/모종,들깨씨앗,30,240,0.8,11,2.28%,5.19%,높음,8
씨앗/모종,호박씨앗,40,230,0.8,8.3,2.09%,3.81%,높음,8
식물관리,유박비료가격,30,230,0.9,11.8,3.16%,5.89%,중간,7
흙/용토,흙벽돌,60,200,1.6,12.5,2.72%,6.48%,높음,10
화분,선물화분,30,230,0.3,3.5,0.89%,1.52%,높음,10
텃밭/농업,옥상텃밭,110,150,1.3,5.5,1.18%,3.85%,높음,8
식물관리,완숙퇴비,80,180,1,1.5,1.21%,0.96%,높음,8
화분,화분자갈,50,210,0.6,8.3,1.33%,3.82%,높음,8
조경/자갈,조경가위,50,210,0.4,3.5,0.69%,1.79%,높음,8
화분,화분장식,30,230,1.3,7,3.68%,3.12%,높음,8
부자재,소형분무기,40,220,0.3,7.8,0.59%,3.64%,높음,8
씨앗/모종,로메인상추씨앗,20,240,1,18,3.45%,7.87%,높음,8
흙/용토,금전수분갈이흙,20,230,0,2,-,0.97%,높음,3
기타원예,원예심리상담사,80,170,1.8,9.8,2.05%,5.74%,높음,10
기타원예,원예관리사,100,150,4.4,8.8,4.3%,5.51%,높음,7
화분,녹보수화분,50,200,1.1,9.8,1.98%,4.76%,높음,8
화분,블랙화분,40,210,0,0.3,-,0.18%,높음,3
화분,화분꽃,30,220,0,4.8,-,2.21%,높음,8
기타원예,돈들어오는나무,30,220,0.5,3.5,1.57%,1.67%,높음,8
화분,걸이화분,30,220,0.6,4.8,1.79%,2.22%,높음,8
식물관리,고추비료,30,220,0.4,12.3,1.12%,6.59%,높음,10
기타원예,다육이영양제,20,230,0.4,9,1.6%,4.19%,높음,10
기타원예,소나무영양제,60,190,1,8.5,1.64%,4.92%,높음,10
화분,벽화분,40,210,0.4,3.8,0.86%,1.95%,높음,8
씨앗/모종,백일홍씨앗,40,210,0.5,10.3,1.22%,5.52%,높음,8
씨앗/모종,목화씨앗,40,210,0.5,8.4,1.25%,4.1%,중간,4
씨앗/모종,취나물씨앗,30,220,0.8,10,2.29%,5.11%,높음,8
씨앗/모종,딜씨앗,40,210,0.6,8.3,1.57%,4.39%,높음,8
씨앗/모종,메밀씨앗,40,210,0.5,5,1.17%,2.9%,높음,8
부자재,삽목상자,70,180,3.5,10.3,4.55%,6%,높음,8
기타원예,식물분갈이,130,110,0.1,1.6,0.12%,1.59%,높음,7
화분,플라스틱화분대형,20,220,0.5,7,2%,3.4%,높음,8
기타원예,정화식물,30,210,0.4,5,1.02%,2.48%,높음,8
화분,홍콩야자화분,30,210,0.4,2.5,1.2%,1.4%,높음,7
기타원예,대형나무,50,190,1.5,7,2.95%,3.98%,높음,8
식물관리,붕사비료,40,200,0.2,10,0.47%,5.19%,높음,10
씨앗/모종,고추모종가격,20,220,0.5,7.8,2.46%,3.88%,중간,7
씨앗/모종,코스모스씨앗,60,180,1.8,8.1,2.86%,5.56%,높음,10
기타원예,다육이이름,20,210,0.3,10.8,1.15%,5.21%,높음,7
화분,화분구매,30,200,0.3,4,0.7%,2%,높음,8
화분,화분식물,40,190,0.9,4.5,1.99%,2.48%,높음,8
식물관리,꽃비료,20,210,0.8,9.3,2.78%,5.17%,높음,8
텃밭/농업,고추재배,90,140,0.3,0.3,0.34%,0.2%,높음,10
텃밭/농업,노지월동식물,10,220,0.1,6.8,0.9%,3.41%,높음,8
기타원예,식물벽,60,170,0.9,6.5,1.31%,3.74%,높음,8
부자재,원예장갑,140,90,0,3,-,3.41%,높음,8
부자재,소독분무기,60,170,1.4,1.5,2.06%,0.9%,높음,8
부자재,무선분무기,30,200,0.3,1.3,0.74%,0.74%,높음,8
씨앗/모종,콜라비씨앗,10,220,0.4,16,1.98%,7.41%,높음,8
화분,종이화분,60,160,0,2,-,1.33%,높음,8
화분,뱅갈고무나무화분,40,180,0.5,3,1.09%,1.82%,높음,8
화분,특이한화분,40,180,0.3,2,0.59%,1.09%,높음,8
화분,율마화분,50,170,0.9,2.3,1.72%,1.36%,높음,8
화분,전국화분배달,40,180,3.2,24.8,7.62%,13.48%,높음,10
조경/자갈,정원소품,40,180,1.9,15,4.14%,8.43%,높음,10
부자재,플라스틱삽,70,150,0.3,2.5,0.32%,1.66%,높음,8
기타원예,나무발받침대,60,160,0,1,-,0.64%,높음,3
기타원예,나무판매,80,130,2.7,4.5,3.86%,3.88%,높음,10
화분,화분거름,30,180,0.4,4,1.3%,2.37%,높음,8
화분,디자인화분,60,150,0.8,2.5,1.18%,1.68%,높음,8
화분,초대형화분,40,170,2.6,11.8,5.71%,7.26%,높음,8
화분,황토화분,20,190,1,7.5,4%,4.08%,높음,8
화분,다육식물화분,10,200,0,0.3,-,0.19%,높음,3
씨앗/모종,야생화씨앗,40,170,5.4,12.3,10.97%,8.23%,높음,8
식물관리,식물살충제,30,180,0,2.8,-,1.58%,높음,8
식물관리,치요다비료,20,190,1,13.1,5.56%,6.94%,낮음,2
조경/자갈,모래자갈,50,160,0.3,2,0.6%,1.3%,높음,7
화분,포트화분,60,150,0.1,6.5,0.23%,4.34%,높음,8
씨앗/모종,산삼씨앗,20,190,0.8,6,3.06%,3.51%,높음,10
씨앗/모종,나팔꽃씨앗,40,170,0.5,4.3,1.12%,2.78%,높음,10
씨앗/모종,라벤더씨앗,20,190,0.3,6.8,1.25%,3.69%,높음,8
씨앗/모종,고들빼기씨앗,20,190,0.8,14,3.13%,7.78%,높음,8
조경/자갈,조경자갈,40,160,2.8,8.8,6.67%,6.35%,높음,10
화분,탁상용화분,60,140,1.5,2.8,2.46%,2.09%,높음,8
화분,공기청정화분,30,170,0.4,3.8,0.97%,2.33%,높음,8
기타원예,개업나무,40,160,0.8,4,1.67%,2.44%,높음,8
화분,키큰화분,20,180,0.1,3.3,0.55%,1.96%,높음,8
화분,개업화분꽃배달,20,180,0.1,2,0.69%,1.13%,높음,7
조경/자갈,마당자갈,40,160,1,9.8,2.5%,7.02%,높음,8
씨앗/모종,참외씨앗,40,160,3.1,6,7.21%,4.03%,높음,8
부자재,다이소모종삽,40,160,0,0.3,-,0.23%,높음,3
화분,화분정리,40,160,0.5,2.8,1.2%,1.86%,높음,8
화분,도로화분,90,110,5.4,6.6,5.69%,6.35%,높음,10
씨앗/모종,로즈마리씨앗,20,180,0.5,7.5,1.87%,4.47%,높음,8
흙/용토,상토배양토,50,140,0.2,2.3,0.4%,1.65%,높음,10
흙/용토,원예상토,40,150,1.3,6.8,2.46%,4.86%,높음,8
흙/용토,한판승상토,20,170,0,0,-,-,높음,3
흙/용토,적옥토소립,20,170,0,0,-,-,높음,3
식물관리,마늘비료,10,180,0.3,5.5,2.73%,4.96%,높음,10
식물관리,마그네슘비료,40,150,1.8,8,3.85%,5.93%,중간,7
화분,집화분,20,170,0.3,2.8,1.06%,1.65%,높음,7
화분,화분나무,20,170,0.6,3,2.5%,1.76%,높음,8
기타원예,집에서키우는나무,10,180,0.2,0.9,0.88%,0.52%,중간,6
화분,야외화분,50,140,1.6,7,2.76%,5.74%,높음,8
식물관리,관주용비료,60,130,2.2,9.8,3.73%,7.34%,높음,10
씨앗/모종,채소모종,60,130,1.9,5.8,3.41%,4.96%,높음,8
부자재,대형분무기,50,140,0.3,1.3,0.44%,0.97%,높음,8
씨앗/모종,희귀씨앗,40,150,3.9,16,11.15%,11.68%,높음,10
화분,호야화분,30,160,0,2.5,-,1.68%,중간,7
씨앗/모종,메리골드모종,40,150,1,6,2.47%,4.23%,중간,8
흙/용토,제라늄흙,< 10,180,0,2.5,-,1.43%,높음,8
마사토,세척마사,50,130,0.8,3,1.67%,2.37%,높음,8
기타원예,원예키트,90,90,3.3,5.3,3.75%,5.47%,높음,10
화분,거실인테리어화분,30,150,0.4,1.5,1.14%,1.09%,높음,8
화분,테이블화분,40,140,0.1,1,0.27%,0.75%,높음,8
화분,개업화분가격,20,160,0.3,9,1.09%,5.67%,높음,8
화분,식당개업화분,30,150,0.6,6.8,1.94%,4.42%,높음,10
화분,관엽화분,60,120,1.4,5.8,2.22%,4.8%,높음,8
기타원예,아가베식물,20,160,0,0,-,-,높음,3
화분,도기화분,30,150,1,2,2.95%,1.35%,높음,8
식물관리,관주비료,40,140,0.8,4.5,1.88%,3.63%,높음,8
식물관리,아미노산비료,40,140,0.4,3.3,0.88%,2.56%,높음,8
기타원예,난초영양제,30,150,0.8,6,2.5%,4.32%,높음,8
씨앗/모종,산마늘모종,60,120,0.6,5,0.92%,5.5%,중간,7
부자재,엔진고압분무기,60,120,3.3,9.5,5%,8.19%,높음,10
부자재,스프레이분무기,40,140,0.9,5.3,1.87%,3.92%,높음,8
화분,화분장식장,10,170,0.5,4,3.58%,2.55%,높음,10
씨앗/모종,샐러리씨앗,40,140,0.1,2.8,0.34%,2.04%,높음,8
기타원예,고무나무분갈이,30,150,0,0,-,-,높음,3
화분,스킨답서스화분,30,150,0,0,-,-,높음,3
기타원예,다육이식물,30,150,0.3,1.8,0.74%,1.2%,높음,8
흙/용토,분갈이용토,20,150,0.4,4.8,1.57%,3.37%,높음,8
흙/용토,상토가격,40,130,0.3,5.8,0.75%,4.64%,높음,10
마사토,왕마사,110,60,2.4,2.3,2.1%,3.95%,높음,10
흙/용토,썩지않는흙,30,140,0.9,5.3,2.63%,3.73%,높음,8
기타원예,묘목판매,80,90,3.9,7.1,4.7%,9.04%,높음,10
화분,마블화분,20,150,0.5,3,1.86%,2.05%,높음,8
텃밭/농업,재배분,30,140,0,0,-,-,낮음,0
화분,가정용화분,40,130,0.6,2,1.39%,1.71%,높음,8
식물관리,식물비료,20,150,0.3,3.8,0.93%,2.63%,높음,8
기타원예,식물벌레,10,160,0,0,-,-,높음,3
조경/자갈,아파트조경,60,110,1.2,1.5,1.91%,1.32%,높음,10
화분,원목화분받침,20,150,0.3,3.5,1.05%,2.34%,높음,8
씨앗/모종,배추씨앗,20,150,0,4.8,-,3.07%,높음,8
조경/자갈,꽃잔디씨앗,30,140,1.3,7.5,4.65%,6.64%,높음,10
조경/자갈,산소잔디씨,10,160,0.7,5,7.25%,5.27%,높음,8
씨앗/모종,나무씨앗,20,150,0.9,4.3,3.26%,2.94%,높음,8
화분,창틀화분걸이,20,150,0.3,2.3,0.93%,1.45%,높음,8
부자재,전기동력분무기,50,120,1.1,5,2.25%,4.17%,높음,10
씨앗/모종,오크라씨앗,10,160,0.4,10.3,2.89%,5.64%,높음,8
흙/용토,텃밭흙,40,120,0.6,6.8,1.69%,6.89%,높음,8
흙/용토,화분흙갈이,20,140,0.1,4.5,0.45%,3.47%,높음,8
조경/자갈,정원만들기,50,110,3,14.8,5.36%,13.54%,높음,10
식물관리,비료종류,30,130,0.2,3.8,0.59%,3.08%,높음,10
기타원예,옥천묘목시장,30,130,2.7,16.3,11.74%,14.64%,높음,10
흙/용토,압축코코피트,30,130,1,4.8,2.78%,3.72%,높음,8
화분,야자수화분,20,140,0.4,1.5,2.09%,1.05%,높음,8
화분,벤자민화분,30,130,0.4,3.8,1.18%,2.91%,높음,8
화분,안스리움화분,40,120,0.5,1.5,1.12%,1.2%,높음,8
화분,연꽃화분,30,130,0.5,2.8,1.79%,2.48%,높음,10
화분,흰색화분,20,140,0.6,6,2.24%,4.14%,높음,8
화분,화분판매,30,130,0.9,1.3,2.5%,1.06%,높음,8
화분,대형나무화분,40,120,1.1,2.8,2.82%,2.5%,높음,8
화분,포항화분,20,140,0.6,6.8,2.23%,4.83%,높음,10
씨앗/모종,곰취모종,30,130,0.9,3.3,2.46%,2.78%,높음,8
씨앗/모종,스테비아씨앗,30,130,1.9,13.5,5.86%,11.16%,높음,8
조경/자갈,콩자갈가격,30,130,2.2,12.3,7.1%,9.72%,높음,10
씨앗/모종,튤립모종,30,130,0.4,3.8,1.15%,3.24%,높음,8
부자재,스텐분무기,50,110,0.4,1.3,0.75%,1.18%,높음,8
씨앗/모종,금어초씨앗,10,150,0,0.3,-,0.19%,높음,3
부자재,원예자재,60,100,4.4,7,6.63%,6.94%,높음,8
씨앗/모종,수국씨앗,30,130,0.5,4.8,1.96%,3.93%,중간,8
화분,베란다화분다이,10,150,0.3,7.5,2.86%,5.82%,높음,7
씨앗/모종,황기씨앗,30,130,4.7,8.8,11.55%,7.12%,높음,10
화분,비닐화분,30,130,1,2.3,2.78%,1.74%,높음,8
흙/용토,제라늄분갈이흙,< 10,150,0.4,6.3,4.17%,4.47%,높음,8
흙/용토,마사토흙,10,140,0.8,11.5,4.71%,7.94%,높음,10
흙/용토,딸기상토,50,100,0.5,3.5,1.03%,3.4%,높음,8
기타원예,원예프로그램,100,50,2.6,1,2.6%,1.79%,높음,7
기타원예,나무구매,50,100,1.4,4.3,2.6%,4.3%,높음,10
흙/용토,깨비상토,30,120,1,11,3.48%,9.02%,중간,5
화분,플랜트화분,50,100,2.8,3,4.75%,2.95%,높음,8
화분,꽃화분배달,30,120,2.5,8.8,7.36%,6.93%,높음,10
화분,화분주문,40,110,4.7,8.8,9.6%,7.53%,높음,10
텃밭/농업,상추재배,20,130,0.3,2.3,1.25%,1.91%,높음,10
식물관리,다이소발근제,10,140,0.8,0.9,5%,0.75%,중간,1
마사토,백마사,30,120,0.5,0,1.54%,-,중간,2
식물관리,비료회사,40,110,0.5,1,1.2%,0.95%,높음,10
식물관리,완효성복합비료,30,120,0.3,5.5,0.69%,4.34%,높음,8
씨앗/모종,킹스베리딸기모종,30,120,0.3,4.8,0.81%,4.44%,높음,8
식물관리,양액비료,50,100,1.1,3.3,1.98%,3.1%,높음,8
조경/자갈,옥자갈,30,120,0.1,3.5,0.44%,2.87%,높음,8
조경/자갈,흰자갈,30,120,0.9,7,2.58%,6.09%,높음,8
화분,화분물받침,30,120,0.3,3.8,0.74%,3.29%,높음,8
기타원예,벽식물,30,120,1.1,3.5,3.52%,3.5%,높음,8
씨앗/모종,열무씨앗,20,130,0.3,3.3,0.93%,2.65%,높음,8
씨앗/모종,씨앗파는곳,30,120,6,9.5,17.15%,7.86%,높음,8
씨앗/모종,무씨앗,20,130,0.1,2.3,0.53%,1.97%,높음,8
부자재,미니물조리개,30,120,0,0.7,-,0.59%,높음,3
씨앗/모종,꽃양귀비씨앗,20,130,0.4,6.5,1.71%,6.32%,높음,8
씨앗/모종,유채꽃씨앗,30,120,0.9,6.5,3.13%,7.07%,높음,8
부자재,마루야마분무기,10,140,0.5,6,3.45%,4.73%,높음,8
씨앗/모종,쑥씨앗,20,130,0.4,9.5,1.74%,7.73%,높음,10
씨앗/모종,참나물씨앗,20,130,0.5,8.8,1.86%,7.06%,높음,8
텃밭/농업,고추키우기,30,120,0.2,0.5,0.63%,0.46%,높음,10
씨앗/모종,호밀씨앗,30,120,0.6,5.3,2.16%,4.38%,높음,8
씨앗/모종,쌈채소씨앗,10,130,0.9,7.3,5.47%,5.9%,높음,8
흙/용토,분갈이용흙,20,120,0.6,4,2.16%,3.61%,높음,8
흙/용토,마사흙,20,120,0.6,7.8,2.61%,7.05%,높음,8
흙/용토,산야초흙,20,120,0.4,3.8,2.35%,3.21%,높음,8
식물관리,장미비료,30,110,1.1,6,3.63%,6.13%,높음,8
흙/용토,잘자람상토,10,130,0.8,16.3,4.62%,12.5%,높음,8
조경/자갈,전원주택정원,30,110,0.8,8.6,2.06%,8.54%,높음,10
조경/자갈,전원주택조경,80,60,4.4,4.6,5.37%,8.22%,높음,10
흙/용토,피트모스상토,30,110,0.9,3,2.44%,2.95%,높음,10
화분,친환경화분,60,80,0.5,1.3,0.79%,1.59%,높음,8
화분,축하화분문구,60,80,0.4,3.8,0.63%,4.32%,높음,10
화분,식탁화분,20,120,0.3,3,1.32%,2.4%,중간,3
화분,화분세트,20,120,0.4,2.3,1.64%,1.83%,높음,8
기타원예,큰식물,10,130,0,0,-,-,높음,3
기타원예,예쁜다육이,20,120,0.5,4.3,2.09%,3.64%,높음,8
화분,영전축하화분,60,80,1,5,1.64%,6.25%,높음,7
화분,춘천화분,20,120,0.1,1.1,0.46%,1%,높음,10
화분,행잉바구니,20,120,0,0,-,-,높음,3
식물관리,복합비료가격,10,130,0.2,5.8,1.67%,4.46%,높음,10
식물관리,황산마그네슘비료,30,110,0.6,3.5,1.63%,3.77%,중간,7
식물관리,유박퇴비,40,100,0,2,-,2.17%,중간,5
씨앗/모종,생강씨앗,10,130,0.3,8.6,2.25%,6.75%,중간,6
화분,철제화분받침대,10,130,0.1,2,0.97%,1.53%,높음,8
화분,스텐화분,20,120,0.4,1,1.64%,0.91%,높음,8
씨앗/모종,곰보배추씨앗,10,130,0.4,7.5,3.41%,5.64%,높음,8
텃밭/농업,고추밭관리,< 10,130,1,0,11.12%,-,중간,2
화분,원목화분다이,< 10,130,0.1,6,1.25%,4.73%,높음,8
식물관리,화초비료,10,120,0.3,5.3,2.09%,4.11%,높음,8
흙/용토,난석중립,10,120,0.7,0.3,3.93%,0.25%,높음,3
화분,화분거름망,30,100,0,0,-,-,높음,3
기타원예,원예자격증,50,80,1.6,3.8,3.02%,4.81%,높음,10
기타원예,원예복지사,40,90,0.3,0.3,0.73%,0.28%,높음,3
화분,탁상화분,30,100,0.9,3.3,2.6%,3.19%,높음,7
화분,해피트리화분,30,100,0.9,2.3,2.58%,2.4%,높음,8
식물관리,친환경비료,40,90,0.3,1.8,0.6%,2.06%,높음,8
마사토,마사토포장,90,40,4.4,2.4,4.74%,5.59%,높음,10
씨앗/모종,야콘모종,20,110,0,8.7,-,8.63%,중간,4
씨앗/모종,파프리카모종,20,110,0.5,2.1,2.33%,2.3%,중간,4
식물관리,규산비료,30,100,0.2,0,0.81%,-,중간,4
화분,거실화분정리대,10,120,0.3,3.3,2.5%,2.96%,높음,8
씨앗/모종,양파씨앗,30,100,1,6,3.45%,5.61%,높음,8
화분,화분트롤리,20,110,0,0.7,-,0.65%,높음,3
부자재,꽃삽,40,90,0,2.3,-,2.45%,높음,8
부자재,충전용전지가위,30,100,1.3,9.3,4.65%,9.74%,높음,10
화분,화분포트,50,80,0.3,1.3,0.52%,1.63%,높음,8
씨앗/모종,한련화씨앗,30,100,0.8,3.8,2.81%,4.37%,높음,10
화분,대형토분화분,10,120,0.5,5.5,3.85%,4.83%,높음,8
화분,플라스틱사각화분,20,110,0.1,2.8,0.66%,2.7%,높음,8
씨앗/모종,씨앗키우기,30,90,0.1,0.5,0.36%,0.53%,높음,8
흙/용토,선인장흙,10,110,0.3,0.3,2.09%,0.27%,높음,3
흙/용토,못자리상토,60,60,0,0,-,-,높음,3
기타원예,원예체험,40,80,0.4,0.5,1%,0.63%,높음,10
기타원예,집안식물,10,110,0,0,-,-,높음,3
화분,철쭉화분,20,100,0.1,3.3,0.46%,3.74%,높음,8
화분,가벼운화분,10,110,0,4.8,-,4.53%,높음,8
식물관리,코팅비료,20,100,0.7,3,3.27%,3.38%,높음,8
화분,꽃나무화분,20,100,0.3,2.8,1.3%,2.65%,높음,7
화분,졸업식화분,20,100,0.9,1.5,3.9%,1.57%,높음,7
화분,동탄화분,10,110,0.2,5.3,1.43%,4.78%,높음,10
조경/자갈,잔디영양제,30,90,0.9,5.8,2.58%,7.02%,높음,8
식물관리,식물영양제추천,20,100,0.1,3,0.6%,3.16%,높음,8
식물관리,미생물비료,30,90,1,1.8,3.04%,1.97%,높음,8
씨앗/모종,가지모종,40,80,1,2.9,2.2%,3.76%,중간,4
씨앗/모종,머위모종,20,100,0.3,4.2,1.29%,4.42%,중간,4
씨앗/모종,일당귀모종,20,100,2.7,0.5,11.12%,0.65%,높음,3
씨앗/모종,청양고추모종,20,100,0,2.8,-,3.15%,중간,5
식물관리,미량요소복합비료,40,80,0.5,4.3,1.07%,4.73%,높음,8
조경/자갈,자갈가격,20,100,1.2,7,4.62%,7.78%,높음,10
부자재,원예도구,40,80,0.5,0.5,1.09%,0.73%,높음,8
화분,대형화분받침,20,100,0.3,2,1%,2.05%,높음,8
부자재,삽목트레이,30,90,0.8,5.8,2.28%,6.39%,높음,8
씨앗/모종,씨앗판매,40,80,2.1,7,4.89%,8.87%,높음,10
부자재,농사용분무기,20,100,0.3,6,1.58%,6.39%,높음,10
씨앗/모종,씨앗구매,30,90,3.1,8,8.86%,9.31%,높음,10
부자재,꽃지지대,20,100,0,2.8,-,2.75%,높음,8
부자재,전기전지가위,10,110,0,9,-,8.58%,높음,10
화분,패브릭화분,20,100,0,0,-,-,높음,3
부자재,다이아분무기,10,110,0.4,2.5,1.98%,2.43%,높음,8
화분,베란다화분정리대,30,90,0.3,2.3,0.81%,2.75%,높음,8
화분,플랜테리어화분,30,90,0.8,7.3,2.15%,7.8%,높음,8
기타원예,호야분갈이,10,110,0.3,0.3,2.57%,0.36%,높음,3
화분,플라스틱토분,10,110,0.5,1,2.78%,0.98%,높음,8
씨앗/모종,어수리씨앗,10,110,0.2,10.8,1.89%,9.82%,중간,5
부자재,분무기부품,20,100,0.3,4.8,1.14%,5%,높음,8
씨앗/모종,게걸무씨앗,10,110,0.2,8,1.67%,7.48%,높음,10
기타원예,다육선반,< 10,110,0.3,4,3.13%,3.78%,높음,8
흙/용토,분갈이상토,20,90,0.1,5,0.45%,5.89%,높음,8
화분,대형화분분갈이,20,90,0.1,0.3,0.39%,0.29%,높음,10
조경/자갈,인조잔디충진재,70,40,0.4,0.3,0.52%,0.66%,높음,10
기타원예,원예테라피,70,40,1.6,0.5,2.08%,1.07%,높음,10
화분,양철화분,10,100,0.1,0.8,0.66%,0.82%,높음,8
기타원예,선인장선물,20,90,0,2.8,-,2.9%,높음,10
화분,드라코화분,30,80,0.1,0.5,0.37%,0.67%,높음,8
화분,야자화분,10,100,0,0,-,-,높음,3
화분,생화화분,20,90,0.1,4.3,0.45%,4.43%,높음,8
화분,실내용화분,20,90,0.4,1.8,1.67%,2.25%,높음,10
화분,사기화분,20,90,0.1,1,0.41%,1.09%,높음,10
씨앗/모종,당근모종,30,80,0.4,2.3,1.07%,3.06%,중간,5
씨앗/모종,케일모종,20,90,0.8,1.7,2.81%,2.05%,중간,6
텃밭/농업,텃밭거름,30,80,0.1,1.8,0.38%,2.5%,높음,8
식물관리,고추뿌리발근제,10,100,0.5,5.5,2.78%,5.73%,높음,8
식물관리,엔케이비료,10,100,0,4,-,4.05%,높음,8
식물관리,식물살균제,10,100,0,3.8,-,4.08%,높음,8
씨앗/모종,유칼립투스씨앗,10,100,0.3,4,2.78%,3.81%,높음,10
조경/자갈,현무암자갈,40,70,0.8,2.5,1.91%,3.79%,높음,10
화분,사각화분받침,20,90,0,1.5,-,1.57%,높음,8
화분,이동식화분받침,20,90,0,1.5,-,1.55%,높음,8
가드닝/인테리어,스마트가든,50,60,2.8,2.7,4.83%,4.72%,높음,10
부자재,분무기공병,40,70,0.8,2,1.79%,2.67%,높음,8
조경/자갈,벽면조경,80,30,1,0.8,1.09%,2.03%,높음,10
조경/자갈,로봇잔디깍기,20,90,1.1,2.8,3.73%,4.17%,중간,7
씨앗/모종,박씨앗,10,100,0,3.5,-,3.77%,중간,5
화분,수련화분,20,90,0.9,2,4.74%,2.67%,높음,10
식물관리,농약분무기판매,10,100,0,3.8,-,4.58%,높음,8
흙/용토,잘자람배양토,< 10,100,0,6.5,-,6.71%,중간,7
흙/용토,왕대박상토,< 10,100,0,2.9,-,2.62%,중간,4
흙/용토,배양토상토,10,90,0.5,1.5,2.64%,1.65%,높음,8
흙/용토,지렁이배양토,30,70,0.1,1.3,0.36%,1.84%,높음,8
기타원예,분갈이세트,20,80,0,0.7,-,0.85%,높음,3
흙/용토,선인장분갈이흙,10,90,0.1,2,1.14%,2.05%,높음,8
흙/용토,다육이전용흙,10,90,0.3,4,2.31%,5%,높음,10
기타원예,다육이판매,10,90,0.4,4.3,2.48%,5%,중간,7
흙/용토,수생흙,10,90,0.7,0.3,4.77%,0.33%,높음,3
흙/용토,연꽃흙,10,90,0.3,0,3.04%,-,높음,3
조경/자갈,정원설계,50,50,0.4,5.3,1.43%,13.13%,높음,10
조경/자갈,조경용품,40,60,1.9,4.8,4.64%,7.79%,높음,10
식물관리,붕산비료,20,80,0.3,3.5,1.3%,4.67%,높음,10
식물관리,석회질비료,30,70,0,1.5,-,2.03%,높음,8
화분,롱화분,10,90,0,0,-,-,중간,4
화분,수입화분,20,80,0.5,3.8,2.28%,5.14%,높음,10
화분,당일배송화분,20,80,3,14.5,12%,16.67%,높음,8
화분,다이소도자기화분,10,90,0,0.3,-,0.37%,높음,3
화분,공기정화식물화분,20,80,0.4,1.3,1.45%,1.59%,높음,8
기타원예,식물뿌리영양제,10,90,0.1,4.5,1.25%,4.9%,높음,8
식물관리,액상비료,30,70,0,0.8,-,1.11%,높음,8
식물관리,농협비료,30,70,0.2,0.8,0.55%,1.12%,중간,5
식물관리,4종복합비료,40,60,0.5,2,1.14%,2.99%,높음,8
씨앗/모종,완두콩모종,20,80,0.3,0.3,2.09%,0.36%,높음,3
씨앗/모종,삼채모종,30,70,0.1,3.8,0.43%,5.96%,높음,8
식물관리,농약판매,20,80,0.4,2,1.2%,3.13%,높음,8
씨앗/모종,스테비아모종,20,80,0.7,5,3.23%,6.85%,높음,9
식물관리,식물성아미노산비료,10,90,0,0,-,-,높음,3
식물관리,황산칼륨비료,10,90,1,0.9,7.15%,1.09%,높음,3
씨앗/모종,모종판매,50,50,0,1,-,2.17%,높음,7
조경/자갈,인테리어자갈,30,70,0.8,4.8,2.5%,6.51%,높음,8
씨앗/모종,모종시장,40,60,0.7,2.3,1.76%,4.02%,높음,7
씨앗/모종,옥수수모종,30,70,0.9,0.3,3%,0.42%,중간,6
부자재,가드닝용품,20,80,1,2.3,4.77%,2.93%,높음,8
화분,화분받침바퀴,20,80,0.5,1.5,2.28%,1.79%,높음,8
화분,계단식화분선반,10,90,0.3,0.3,1.97%,0.35%,높음,3
씨앗/모종,해바라기파종,20,80,0,0,-,-,높음,3
화분,행잉화분만들기,10,90,0,0,-,-,높음,3
화분,철재화분선반,10,90,0.1,2.3,0.56%,2.37%,높음,10
씨앗/모종,할미꽃씨앗,10,90,1,0,6.25%,-,높음,3
씨앗/모종,산마늘씨앗,10,90,0.6,3.3,4.47%,4.07%,높음,8
씨앗/모종,금계국씨앗,20,80,1.1,4.5,4.69%,6.62%,높음,8
씨앗/모종,방아씨앗,10,90,0.3,0,2.57%,-,높음,3
씨앗/모종,다알리아씨앗,10,90,0.9,3.3,5.84%,4.28%,높음,8
씨앗/모종,새싹씨앗,10,90,0.1,6.8,0.7%,7.04%,높음,8
씨앗/모종,조롱박씨앗,10,90,0.1,8,0.9%,9.42%,높음,8
씨앗/모종,우슬씨앗,10,90,0,6.6,-,7.07%,높음,7
기타원예,다육식물분갈이,< 10,90,0,0,-,-,높음,3
화분,화이트화분,< 10,90,0.3,2.8,3.13%,3.17%,높음,8
씨앗/모종,콩씨앗,< 10,90,0.1,2.5,1.39%,2.81%,높음,8
화분,핑크화분,< 10,90,0.3,0.6,4.77%,0.68%,높음,3
씨앗/모종,물망초씨앗,< 10,90,0,0.5,-,0.59%,높음,3
텃밭/농업,텃밭채소,20,70,0.3,0,1.97%,-,높음,3
조경/자갈,조경용고형비료,50,40,0.6,1.5,1.12%,4.17%,높음,8
마사토,세척마사토소립,10,80,0,0.6,-,0.91%,높음,3
식물관리,나무비료,20,70,0.3,1.3,0.87%,2.2%,높음,8
흙/용토,피트모스250L,20,70,0.3,0.5,1.52%,0.77%,높음,3
화분,높은화분,10,80,0.1,0.8,0.97%,0.91%,높음,8
식물관리,수경재배비료,20,70,0.5,0.8,1.95%,1.08%,높음,8
화분,가로화분,30,60,0.1,1.3,0.37%,2.09%,높음,8
화분,안시리움화분,20,70,0,1.3,-,1.74%,높음,8
화분,경주화분,20,70,1.3,1.8,4.82%,2.7%,높음,10
씨앗/모종,텃밭모종,20,70,0.7,4,3.81%,5.72%,중간,6
식물관리,진딧물약,10,80,0,4.3,-,4.89%,높음,8
씨앗/모종,설향딸기모종,20,70,0,0,-,-,높음,3
마사토,마사토운동장,40,50,0.1,0.3,0.32%,0.45%,높음,7
식물관리,계분비료,20,70,0.6,2.3,2.78%,3.49%,중간,5
흙/용토,흙길,20,70,0,0,-,-,낮음,0
조경/자갈,조경울타리,30,60,1.3,0.8,3.79%,1.21%,높음,8
화분,나무화분받침대,10,80,0.1,3.3,1.05%,4.46%,높음,8
화분,울타리화분,20,70,0.4,2.8,1.88%,4.11%,높음,8
화분,화분도자기,10,80,0.1,1.5,0.84%,1.88%,높음,8
화분,행잉식물화분,10,80,0.3,0.8,1.57%,1.18%,높음,8
화분,행잉와이어,40,50,1.1,1,2.55%,1.89%,높음,7
씨앗/모종,로메인씨앗,10,80,0.3,0.3,3.04%,0.31%,높음,3
씨앗/모종,슈퍼도라지씨앗,20,70,0.2,3.5,0.86%,5.65%,중간,6
씨앗/모종,다유들깨씨앗,20,70,1.5,6.8,6.87%,9.65%,중간,5
화분,분재용화분,20,70,0.8,2.5,4.71%,3.68%,높음,10
식물관리,고압농약분무기,10,80,0.8,2.8,7.5%,3.53%,높음,8
씨앗/모종,희귀식물씨앗,10,80,0.4,6.8,3.62%,8.9%,높음,7
씨앗/모종,멜론씨앗,20,70,1.5,2.8,6.53%,4.3%,높음,8
화분,앤틱화분,< 10,80,0,2.1,-,2.79%,높음,7
기타원예,돈나무가격,< 10,80,0,4,-,4.88%,높음,8
씨앗/모종,로메인상추모종,< 10,80,0.3,3,3.93%,3.95%,중간,7
화분,거실화분다이,< 10,80,0.1,4,2.5%,6.25%,높음,8
화분,철재화분다이,< 10,80,0.3,6,30%,7.5%,높음,10
흙/용토,화단흙,20,60,0.3,1.5,1.5%,2.95%,높음,10
흙/용토,분갈이흙추천,10,70,0.3,1.8,1.93%,2.31%,높음,8
흙/용토,흙구매,10,70,0.1,1.8,0.7%,2.54%,높음,8
흙/용토,분갈이배양토,10,70,0.6,1.8,5.21%,2.47%,높음,8
기타원예,분갈이업체,10,70,0.7,2.5,4.81%,3.97%,중간,7
흙/용토,난분갈이흙,10,70,0,0.5,-,0.8%,높음,7
흙/용토,분재흙,20,60,0.3,5.3,1.2%,7.5%,높음,8
흙/용토,천연부엽토,30,50,0.6,2.3,1.9%,4.42%,높음,8
흙/용토,피트모스250,20,60,0.3,2.8,1.32%,5%,높음,7
흙/용토,육묘용상토,40,40,1,0,2.5%,-,높음,3
식물관리,유기농퇴비,20,60,0.5,1.8,2.5%,3.13%,높음,8
화분,화분제작,40,40,1,2.3,2.5%,4.6%,높음,7
기타원예,식물테라피,30,50,0,1,-,1.79%,높음,3
화분,조경화분,30,50,2,5,5.41%,9.26%,높음,8
화분,카라화분,10,70,0,1.1,-,1.69%,중간,6
기타원예,고무나무가격,10,70,0.3,3.3,2.28%,4.23%,높음,8
화분,축개업화분,10,70,0.3,5.3,1.39%,7.96%,높음,8
화분,승진꽃화분,20,60,0.6,3.5,3.13%,5.15%,높음,8
식물관리,텃밭비료,30,50,0.1,0.8,0.38%,1.48%,높음,8
식물관리,식물뿌리발근제,10,70,0.3,3.8,2.11%,5.44%,높음,8
식물관리,텃밭퇴비,10,70,0.4,1.3,2.5%,2.05%,높음,8
식물관리,마늘전용비료,10,70,0.8,3.8,5.76%,6.25%,높음,10
식물관리,딸기비료,10,70,0.5,1.5,2.95%,2.21%,높음,8
씨앗/모종,시금치모종,20,60,0.4,1.3,1.82%,2.09%,중간,5
조경/자갈,주차장자갈,20,60,0.2,1.5,0.75%,2.21%,높음,10
흙/용토,흙파는곳,10,70,0.2,2.8,1.06%,4.37%,높음,10
조경/자갈,자갈구매,20,60,1.9,4,7.5%,7.55%,높음,8
화분,황토분말,30,50,0.3,4,0.99%,7.41%,높음,7
조경/자갈,강자갈가격,20,60,0.3,4.5,1.69%,9.38%,높음,7
씨앗/모종,야채씨앗,10,70,0.3,3.3,2.54%,5%,높음,8
화분,옥상화분,20,60,0.9,5.3,3.81%,9.22%,높음,8
부자재,살분무기,50,30,0.7,0,1.34%,-,높음,3
화분,이동식화분선반,10,70,0,0,-,-,높음,3
씨앗/모종,천일홍씨앗,10,70,0,0,-,-,높음,3
씨앗/모종,구절초씨앗,20,60,0.4,2,1.64%,4%,높음,8
씨앗/모종,봉선화씨앗,20,60,0,1,-,1.82%,높음,8
씨앗/모종,백도라지씨앗,10,70,0.5,2.8,4.35%,4.11%,중간,6
화분,대형텃밭화분,10,70,0.6,2.8,4.81%,5.1%,높음,8
화분,대형화분도매,10,70,0.4,2.8,3.08%,4.51%,높음,10
씨앗/모종,루피너스씨앗,10,70,0.3,0,3.34%,-,높음,3
씨앗/모종,콩종자,20,60,0.4,1.5,1.79%,2.68%,중간,7
씨앗/모종,결명자씨앗,10,70,0.3,3.5,2.36%,4.87%,중간,6
흙/용토,제라늄상토,< 10,70,0,0.3,-,0.43%,높음,3
씨앗/모종,크로바씨앗,< 10,70,0,3.5,-,5.5%,중간,7
기타원예,다육이받침대,< 10,70,0.3,4.5,5%,6.62%,높음,8
씨앗/모종,금화규씨앗,< 10,70,0,0,-,-,중간,5
씨앗/모종,모닝글로리씨앗,< 10,70,0,0,-,-,높음,3
텃밭/농업,농업자재,20,50,0.4,1.8,1.43%,3.65%,높음,10
흙/용토,관엽식물흙,10,60,0.1,1,1.3%,1.89%,높음,7
흙/용토,배양토가격,10,60,0.3,5,2.86%,8.34%,높음,8
흙/용토,혼합토,30,40,0.1,0,0.37%,-,높음,8
흙/용토,모종흙,10,60,0.3,1.8,1.69%,2.92%,높음,8
조경/자갈,조경토,50,20,0.6,0.3,1.16%,1.05%,높음,10
화분,출장화분갈이,10,60,1.1,2,11.43%,3.23%,높음,7
흙/용토,다육분갈이흙,10,60,0,4,-,7.02%,높음,8
텃밭/농업,농업용품,30,40,1,1.5,3.34%,3.49%,높음,10
조경/자갈,자갈바닥,20,50,0.1,3.3,0.5%,5.71%,높음,10
흙/용토,밭흙,20,50,0.6,1.5,3.25%,3.13%,중간,8
식물관리,황산칼슘비료,20,50,1.7,0.3,5.75%,0.48%,높음,3
흙/용토,흙공,20,50,0.4,0.6,1.59%,1.07%,높음,7
화분,걸이형화분,10,60,0,0.5,-,0.85%,높음,3
화분,화분브랜드,20,50,0,0,-,-,높음,3
화분,알로카시아화분,10,60,0.5,0.8,4.55%,1.18%,높음,8
화분,가드닝화분,10,60,0,1,-,1.64%,높음,8
화분,인테리어용화분,10,60,0,0,-,-,중간,4
화분,안산화분,10,60,1.2,2.8,9.24%,4.18%,높음,10
화분,고수화분,10,60,0,0,-,-,높음,3
화분,야생화화분,10,60,0,1.3,-,1.87%,높음,8
화분,제주도화분,20,50,1.3,1.4,6.2%,3.04%,높음,10
화분,물구멍없는화분,10,60,0.1,1.5,0.72%,2.42%,높음,10
화분,책상용화분,20,50,0.1,2.5,0.65%,4.32%,높음,7
화분,화분이동,20,50,0,1.5,-,2.84%,높음,8
화분,책상위화분,10,60,0.5,2.3,2.64%,4.1%,높음,8
화분,여수화분배달,20,50,1.1,7.8,5.5%,15.92%,높음,10
식물관리,유기농농약,10,60,0.1,0,0.8%,-,높음,7
흙/용토,장미상토,10,60,0.1,1,0.94%,1.82%,높음,8
씨앗/모종,참외모종,10,60,0.9,1.9,7.15%,3.28%,낮음,2
부자재,수국삽목,10,60,0.7,0,4.21%,-,높음,7
조경/자갈,조경용자갈,20,50,1.2,3.5,5.72%,7.15%,높음,10
화분,철제화분정리대,10,60,0.1,1.8,1.25%,3.02%,높음,8
부자재,원예용분무기,10,60,0,1.3,-,1.99%,높음,8
화분,행잉플랜트걸이,10,60,0.3,0,3.04%,-,높음,3
씨앗/모종,수레국화씨앗,10,60,0.3,2.8,1.67%,5.19%,높음,8
씨앗/모종,채송화씨앗,10,60,0.1,1,0.9%,2.13%,높음,8
기타원예,나무공간박스,20,50,0.3,0,1.29%,-,높음,3
텃밭/농업,곤드레재배,10,60,1.7,0,16.67%,-,높음,3
씨앗/모종,아티초크씨앗,10,60,0,0.5,-,0.87%,높음,3
씨앗/모종,타임씨앗,10,60,0,0,-,-,높음,3
부자재,농업용고압분무기,10,60,0.1,3.3,1%,5.81%,높음,10
씨앗/모종,양상추씨앗,10,60,0,3,-,4.73%,중간,6
씨앗/모종,자운영씨앗,10,60,0.2,1.8,1.82%,3.08%,높음,10
화분,묘목화분,10,60,0.4,2.8,4.09%,4.67%,높음,10
씨앗/모종,메밀종자,30,40,0.1,0,0.46%,-,높음,7
부자재,대덕분무기,10,60,0.7,0.3,3.51%,0.52%,높음,3
식물관리,농약동력분무기,10,60,0.5,3,3.37%,5%,높음,8
부자재,계양분무기,20,50,0.6,2,2.24%,3.58%,높음,8
흙/용토,화초흙,< 10,60,0.4,2.8,4.45%,4.71%,중간,6
화분,배란다화분걸이,< 10,60,0,1.9,-,3.19%,높음,7
흙/용토,펄라이트대립,< 10,60,0.1,1.5,1.41%,2.78%,높음,8
화분,만천홍화분,< 10,60,0.4,1,4.69%,1.62%,높음,8
식물관리,나무뿌리발근제,< 10,60,0.5,3.5,12.5%,5.65%,높음,8
씨앗/모종,능개승마모종,< 10,60,0,3.9,-,7.05%,중간,3
화분,바퀴달린화분받침대,< 10,60,0.1,3,1.82%,5%,높음,8
화분,직사각화분받침,< 10,60,0.1,1.3,1.79%,2.2%,높음,8
식물관리,중고농약분무기,< 10,60,0.7,6.5,7.8%,10.49%,높음,9
식물관리,농약치는기계,< 10,60,0.3,5,3.34%,8.2%,높음,10
씨앗/모종,무우씨앗,< 10,60,0.1,1.5,4.17%,2.31%,높음,8
화분,춘란화분,< 10,60,0.1,0.8,1.59%,1.47%,높음,7
화분,거실화분거치대,< 10,60,0.2,1.9,2.71%,2.95%,중간,5
씨앗/모종,페츄니아씨앗,< 10,60,0,0.8,-,1.34%,높음,3
씨앗/모종,접시꽃씨앗,< 10,60,0.1,2.4,1.79%,4.15%,높음,7
식물관리,동력농약살포기,< 10,60,0.3,2.3,3.58%,4.33%,높음,8
씨앗/모종,냉이파종,< 10,60,0,0,-,-,높음,3
씨앗/모종,국화씨앗,< 10,60,0.8,1.3,18.75%,2.46%,높음,8
흙/용토,한아름원예용상토,10,50,0.8,0.3,5.67%,0.56%,중간,4
흙/용토,흙판매,20,40,0.4,4.5,2.23%,9.58%,높음,10
식물관리,퇴비종류,10,50,0,1,-,2.23%,높음,3
흙/용토,배양토추천,10,50,0.9,2.5,6.25%,4.72%,높음,8
식물관리,원예비료,10,50,0,0.3,-,0.61%,높음,8
흙/용토,원예흙,10,50,0.3,1.8,2.09%,3.98%,높음,8
화분,장식용화분,10,50,0,0.3,-,0.54%,높음,3
흙/용토,다육흙,10,50,0,2.8,-,5.86%,높음,8
기타원예,대구분갈이,10,50,0,0,-,-,낮음,0
기타원예,다육이농원,10,50,0.7,0.3,4.77%,0.6%,높음,3
흙/용토,배수잘되는흙,10,50,0.4,0.9,4.35%,1.64%,중간,2
조경/자갈,단독주택조경,30,30,1.7,4.3,5.67%,13.29%,높음,10
화분,아파트화분,10,50,0.1,1.3,0.74%,2.5%,높음,8
화분,집안화분,10,50,0.5,0,3.71%,-,중간,4
흙/용토,삽목용상토,10,50,0.3,1.5,1.93%,2.84%,높음,8
화분,화분박스,10,50,0.9,2.3,5.84%,4.33%,높음,8
화분,분갈이용화분,10,50,0,1.3,-,2.73%,높음,3
화분,스프링화분,10,50,0,0,-,-,높음,3
화분,화분택배,10,50,0.3,1.8,2.31%,3.13%,높음,10
화분,취임축하화분문구,40,20,0,0,-,-,높음,3
화분,개업식화분추천,10,50,0.4,2.3,3.13%,3.88%,높음,8
화분,관엽식물화분,10,50,0,1,-,1.93%,높음,8
화분,화분선물추천,10,50,0.1,3.3,0.96%,6.25%,높음,7
식물관리,비료구매,10,50,0.6,0.3,4%,0.45%,높음,10
식물관리,황산고토비료,10,50,0.4,2.8,3.9%,4.67%,중간,7
조경/자갈,바닥자갈,10,50,0.1,2.5,0.74%,4.81%,높음,8
조경/자갈,오색자갈,20,40,1.1,4.5,4.02%,10.72%,높음,8
조경/자갈,자갈인테리어,10,50,0.1,0.8,0.77%,1.45%,높음,10
조경/자갈,콩자갈포장,50,10,3.3,0.5,6.32%,5%,높음,7
씨앗/모종,생강모종,10,50,0.2,2,1.77%,4.77%,중간,8
화분,원형화분받침,10,50,0,0.3,-,0.59%,높음,3
화분,화분받침대사각,10,50,0,0.3,-,0.6%,높음,3
화분,인테리어화분받침대,20,40,0,0,-,-,높음,8
부자재,제설용삽,20,40,0,0.3,-,0.7%,높음,3
텃밭/농업,텃밭농기구,10,50,0,2.4,-,5.3%,높음,7
가드닝/인테리어,벽식물인테리어,10,50,0.7,1.8,3.97%,3.19%,높음,7
화분,원목화분대,10,50,1.1,2.3,11.25%,4.69%,높음,8
씨앗/모종,보리종자,10,50,0.1,2.3,0.8%,4.5%,높음,10
화분,베고니아화분,10,50,0,0.5,-,1.13%,높음,3
씨앗/모종,더덕종자,10,50,0.3,4,2.09%,9.1%,높음,8
씨앗/모종,씀바귀씨앗,10,50,0.4,5,3.41%,9.44%,높음,8
조경/자갈,실내조경인테리어,20,40,0.7,2,3.58%,5.56%,높음,7
씨앗/모종,제비꽃씨앗,10,50,0,0.8,-,1.54%,높음,3
씨앗/모종,바오밥씨앗,10,50,0.3,0.3,3.04%,0.42%,높음,3
부자재,4행정분무기,20,40,1.6,2.1,6.84%,6.07%,높음,7
텃밭/농업,농사의여신,20,40,0,0,-,-,중간,1
씨앗/모종,땅콩호박씨앗,10,50,0.4,3,3.41%,5.89%,높음,8
화분,플라스틱화분도매,10,50,0.8,4,6.67%,8%,높음,10
화분,큰화분분갈이,< 10,50,0.4,0.3,5.36%,0.48%,높음,7
마사토,마사토세척,< 10,50,0,0.3,-,0.52%,높음,7
흙/용토,모래흙,< 10,50,0.1,1.5,1.59%,3.13%,높음,7
기타원예,다육판매,< 10,50,0,5.3,-,9.73%,중간,8
흙/용토,산세베리아흙,< 10,50,0.3,0.3,4.77%,0.53%,높음,3
기타원예,커피나무영양제,< 10,50,0,0.9,-,1.52%,중간,2
화분,타원형화분,< 10,50,0.4,0.3,6.13%,0.6%,높음,7
기타원예,예쁜선인장,< 10,50,0,0.5,-,0.99%,높음,3
기타원예,뱅갈고무나무가격,< 10,50,0.3,2.8,5%,5.19%,높음,8
화분,중대형화분,< 10,50,0.1,0.3,2.05%,0.67%,높음,7
화분,개업식화분배달,< 10,50,0,2.9,-,5.83%,높음,7
기타원예,집들이나무,< 10,50,0.4,3,3.75%,5.89%,높음,8
씨앗/모종,고추모종종류,< 10,50,1,0,50%,-,낮음,2
씨앗/모종,방아모종,< 10,50,0.7,0,11.12%,-,높음,3
씨앗/모종,콜라비종자,< 10,50,0.2,2.3,4.35%,4.17%,중간,5
씨앗/모종,패랭이꽃씨앗,< 10,50,0,2,-,5%,높음,8
씨앗/모종,순무씨앗,< 10,50,0.2,3,6.9%,6.13%,높음,10
씨앗/모종,엄나무씨앗,< 10,50,0.3,4.5,4.09%,8.5%,중간,7
씨앗/모종,삼채씨앗,< 10,50,0.3,1,5.18%,1.79%,높음,10
부자재,가정용분무기,< 10,50,0,1.8,-,3.73%,높음,7
흙/용토,성화상토,20,30,0,1.1,-,3.71%,중간,2
흙/용토,고무나무분갈이흙,10,40,0.7,0.5,5.13%,1.12%,높음,3
흙/용토,상토50L,30,20,0.6,0.3,1.79%,1.05%,높음,8
흙/용토,화분상토,10,40,0.1,2.8,0.79%,6.88%,높음,8
흙/용토,원예용흙,20,30,0,1,-,2.95%,높음,8
흙/용토,화분용흙,20,30,0.4,0,1.64%,-,높음,8
조경/자갈,잔디플러스,20,30,0.7,0.3,3.18%,0.92%,높음,3
화분,화분이사,10,40,0.3,1.5,2.5%,4.17%,높음,10
마사토,마사토대립,10,40,0.5,2,2.95%,4.88%,높음,8
식물관리,농협비료가격,10,40,0.3,0.3,2.44%,0.91%,높음,3
화분,화분모래,20,30,0,2,-,5.89%,높음,8
식물관리,사과비료,10,40,0.5,1,3.34%,2.95%,높음,8
흙/용토,삽목용토,10,40,0.3,2.3,2.3%,5.6%,중간,7
식물관리,토마토비료,10,40,0,2.3,-,5.12%,높음,8
식물관리,미량원소비료,10,40,0,0.5,-,1.2%,중간,6
식물관리,퇴비20KG,10,40,0,0,-,-,높음,3
화분,실내인테리어화분,10,40,0.3,0.8,1.93%,1.83%,높음,8
화분,떡갈고무나무화분,10,40,0.4,0,4.29%,-,높음,7
화분,실외화분,10,40,0.8,0.8,6.82%,1.75%,높음,8
화분,개업축하화분배달,10,40,0.7,3,4.67%,6.53%,높음,10
화분,사무실화분선물,10,40,0.7,1.3,3.89%,2.5%,높음,10
화분,행잉플랜트화분,10,40,0,0.3,-,0.73%,높음,3
화분,대형개업화분,10,40,0.4,1,2.68%,2.78%,높음,7
식물관리,골분비료,10,40,1,1.7,6.82%,3.76%,중간,3
텃밭/농업,학교텃밭,30,20,0.1,0.3,0.48%,1.5%,높음,7
마사토,굵은마사토,10,40,0.1,2.8,0.9%,7.06%,높음,8
조경/자갈,쇄석자갈,40,10,1.7,1,3.65%,5.56%,높음,7
식물관리,농약전착제,10,40,0.3,0.3,1.77%,0.56%,중간,6
조경/자갈,자갈판매,10,40,1,5.3,8.34%,12.5%,높음,10
마사토,마사모래,10,40,0.3,0,2.57%,-,높음,3
조경/자갈,해미석자갈,10,40,1.3,2.5,9.19%,6.25%,높음,7
화분,정원화분,10,40,0.8,2,6.25%,6.07%,높음,8
가드닝/인테리어,루프탑꾸미기,10,40,0.4,0.9,4.29%,2.35%,높음,7
씨앗/모종,마늘씨앗,10,40,0,0.3,-,0.62%,중간,7
부자재,미니모종삽,10,40,0.3,0,2.57%,-,높음,3
부자재,식물물조리개,10,40,0.3,0,2.39%,-,높음,3
부자재,모터분무기,10,40,0.7,0.5,4.67%,1.17%,높음,10
화분,포틱토분,10,40,0.3,2.2,3.71%,4.97%,높음,3
씨앗/모종,두메부추씨앗,10,40,0.1,1.8,1.34%,3.81%,높음,9
기타원예,묘목심기,10,40,0,0.6,-,1.62%,높음,3
부자재,혼다분무기,20,30,0.9,0.8,5.36%,2.21%,높음,7
씨앗/모종,도라지종자,10,40,0.7,3.8,4.35%,10.72%,높음,8
흙/용토,호랑이흙,< 10,40,0,0.7,-,1.73%,중간,1
씨앗/모종,쌈배추씨앗,< 10,40,1.3,4,14.45%,8.52%,높음,10
흙/용토,산세베리아분갈이흙,< 10,40,0,0.3,-,0.49%,높음,3
식물관리,원예용비료,< 10,40,0,1.5,-,3.66%,높음,8
기타원예,분갈이출장,< 10,40,0,0.8,-,2.05%,중간,6
식물관리,과수비료,< 10,40,0.5,1.5,8.34%,3.95%,높음,10
식물관리,논비료,< 10,40,0.4,0,5.89%,-,중간,2
식물관리,관엽식물비료,< 10,40,0,1.1,-,2.6%,중간,4
식물관리,물비료,< 10,40,0.2,1.3,2.64%,3.68%,중간,6
기타원예,전주분갈이,< 10,40,0,0,-,-,중간,1
화분,단지화분,< 10,40,0,0.3,-,0.69%,중간,4
기타원예,큰선인장,< 10,40,0.3,0,4.77%,-,높음,3
기타원예,인테리어선인장,< 10,40,0.3,0.3,5.56%,0.65%,높음,3
화분,화분공장,< 10,40,0,1,-,2.57%,높음,7
화분,빈티지도자기화분,< 10,40,0.7,0.5,33.34%,1.2%,높음,3
기타원예,실내용나무,< 10,40,0.1,0.3,2.05%,0.61%,높음,7
화분,용산화분,< 10,40,0,0.8,-,1.57%,높음,8
화분,오픈축하화분,< 10,40,0.1,2.3,2.5%,5.49%,높음,8
화분,사각도자기화분,< 10,40,0.1,0.8,1.57%,2.15%,높음,8
기타원예,다육영양제,< 10,40,0.1,2.9,7.15%,7.76%,높음,7
씨앗/모종,여주모종,< 10,40,0.3,1.8,4.17%,4.69%,중간,4
식물관리,다육식물영양제,< 10,40,0,2.3,-,5.49%,높음,8
씨앗/모종,겹접시꽃씨앗,< 10,40,0.7,0,11.12%,-,높음,3
씨앗/모종,곰보배추모종,< 10,40,0,2,-,4.45%,중간,7
조경/자갈,하얀자갈,< 10,40,0.3,1.5,2.5%,3.85%,높음,8
씨앗/모종,쌈채소모종,< 10,40,0,0.5,-,1.12%,중간,6
화분,과습방지화분받침,< 10,40,0,0,-,-,높음,3
화분,화분진열장,< 10,40,0.8,1.3,8.89%,2.66%,높음,10
부자재,조개호미,< 10,40,0,0,-,-,높음,3
화분,화분받이,< 10,40,0,0,-,-,높음,3
화분,화분원목받침대,< 10,40,0,0.8,-,2.03%,중간,4
화분,화분원목선반,< 10,40,0.3,0.3,6.67%,0.74%,높음,3
씨앗/모종,까마중씨앗,< 10,40,0,0.5,-,1.25%,높음,3
씨앗/모종,쑥갓씨앗,< 10,40,0.7,0,9.53%,-,높음,3
씨앗/모종,작약씨앗,< 10,40,0,2,-,4.45%,높음,9
화분,아라우카리아화분,< 10,40,0.7,0,8.34%,-,높음,3
씨앗/모종,매발톱씨앗,< 10,40,0.3,0,11.12%,-,높음,3
화분,대형슬릿화분,< 10,40,0.1,0.3,2.05%,0.67%,높음,7
화분,사각긴화분,< 10,40,0,0,-,-,높음,3
부자재,국산분무기,< 10,40,0,1,-,2.18%,높음,8
씨앗/모종,달맞이꽃씨앗,< 10,40,0,2.1,-,4.91%,높음,7
씨앗/모종,나물씨앗,< 10,40,0.7,4.3,11.12%,9.89%,중간,6
씨앗/모종,아욱씨앗,< 10,40,0,1,-,2.71%,높음,9
흙/용토,코코피트상토,10,30,0.2,0,1.62%,-,중간,5
텃밭/농업,텃밭세트,10,30,0.1,0.5,0.84%,1.39%,높음,8
흙/용토,텃밭용흙,10,30,0.1,1,1.57%,3.45%,높음,8
흙/용토,분갈이흙50L,10,30,0.7,0,5.13%,-,높음,3
기타원예,분갈이용품,10,30,0.5,1,5%,3.45%,높음,8
식물관리,소나무비료,10,30,0.1,1.5,0.84%,5.77%,높음,10
식물관리,과수전용비료,10,30,0.3,1,2.5%,3.97%,중간,3
식물관리,유기질퇴비,10,30,0.4,1,2.68%,2.95%,높음,8
식물관리,막대비료,30,10,0.3,0,1%,-,높음,7
기타원예,분갈이해주는곳,10,30,0,0,-,-,높음,3
식물관리,난비료,10,30,1,0.3,9.1%,0.65%,높음,3
텃밭/농업,농사용투명비닐,10,30,0,0.5,-,1.54%,높음,3
조경/자갈,잔디모래,10,30,0.5,1.3,3.34%,5.21%,높음,8
텃밭/농업,농업용유황,10,30,0,0,-,-,중간,4
기타원예,원예교육,20,20,0.3,0.3,1.04%,1.05%,높음,10
부자재,멀칭재료,20,20,0,0.7,-,3.85%,중간,2
식물관리,원예용복합비료,10,30,0.1,1.3,0.72%,3.68%,높음,10
화분,메탈화분,10,30,1,0,9.1%,-,높음,3
식물관리,친환경퇴비,10,30,0,1.3,-,4.47%,높음,8
화분,결혼축하화분,20,20,0.4,0.5,2.05%,2.28%,높음,7
화분,화분구입,10,30,0.4,0.5,2.68%,1.48%,높음,7
화분,우드화분,10,30,0,0,-,-,높음,3
화분,진급축하화분,20,20,0.3,0,1.16%,-,높음,10
기타원예,돈버는나무,10,30,0,3.1,-,11.12%,낮음,2
식물관리,혼합유기질비료,10,30,0,0,-,-,높음,3
흙/용토,장미전용상토,10,30,0.4,0,4%,-,중간,5
씨앗/모종,백향과모종,10,30,0,1.4,-,4.63%,높음,3
식물관리,장미전용비료,10,30,0.3,0,2.23%,-,높음,3
조경/자갈,원예용자갈,10,30,0.5,2.3,3.13%,6.09%,높음,8
부자재,멀칭제,20,20,0.3,1.5,0.99%,5.89%,높음,7
씨앗/모종,백일홍모종,10,30,0,1.5,-,5.77%,중간,5
씨앗/모종,가지고추모종,10,30,0.3,0.8,2.82%,2.5%,중간,6
씨앗/모종,고추모종판매,10,30,0.1,0.5,1.12%,1.86%,높음,7
가드닝/인테리어,가든용품,10,30,0,1.3,-,5.32%,높음,7
가드닝/인테리어,가드닝소품,10,30,0,0.5,-,1.67%,높음,8
화분,화분받침대대형,10,30,0,0.6,-,1.82%,중간,5
화분,사무실화분관리,30,10,2.3,1.4,6.22%,9.34%,높음,10
씨앗/모종,강낭콩종자,10,30,0.8,3.3,5.36%,9.85%,높음,8
씨앗/모종,수박종자,10,30,1.4,3.4,8.41%,14.29%,높음,7
화분,화분이동받침,10,30,0,0.3,-,0.84%,높음,3
화분,씨앗화분,20,20,0.6,0.3,3.13%,1.32%,높음,8
화분,화분바퀴받침대,10,30,0,0,-,-,높음,3
가드닝/인테리어,사무실식물인테리어,10,30,0.3,3.3,2.05%,9.85%,높음,7
부자재,물조리개2L,10,30,0,0,-,-,높음,3
씨앗/모종,채소종자,20,20,0.6,3,2.85%,14.29%,높음,8
씨앗/모종,기장씨앗,10,30,0,3.3,-,12.5%,높음,3
씨앗/모종,메주콩종자,10,30,0,0,-,-,중간,5
부자재,배부식분무기,10,30,0,0.3,-,0.76%,높음,7
씨앗/모종,황기모종,10,30,0.7,0,6.67%,-,높음,3
부자재,제초제분무기,10,30,0.4,0.8,3.41%,2.59%,높음,8
씨앗/모종,해바라기종자,10,30,0.1,2,1.05%,7.7%,높음,8
부자재,농업용동력분무기,10,30,0.6,1.5,3.18%,4.69%,높음,7
씨앗/모종,부추종자,20,20,0.6,1.5,3%,6.25%,높음,8
흙/용토,그린분갈이용토,< 10,30,0.3,0.3,3.64%,0.79%,높음,7
흙/용토,정원흙,< 10,30,0,1.3,-,4.32%,높음,8
기타원예,방문분갈이,< 10,30,0.4,0.5,7.15%,1.95%,높음,7
식물관리,퇴비판매,< 10,30,0.1,0.8,2.39%,2.53%,높음,7
흙/용토,분갈이용상토,< 10,30,0.3,0.8,5%,3%,높음,10
화분,화분텃밭,< 10,30,0,0,-,-,높음,3
흙/용토,한아름상토50,< 10,30,0.3,0.5,5.56%,1.86%,높음,3
텃밭/농업,수경재배황토볼,< 10,30,0.3,0,6.67%,-,높음,3
흙/용토,다육이배양토,< 10,30,0,0,-,-,높음,3
조경/자갈,검은자갈,< 10,30,0.1,2.3,2%,8.04%,높음,10
흙/용토,블루베리용토,< 10,30,0,0.8,-,2.09%,높음,3
흙/용토,천하통일상토,< 10,30,0,0,-,-,높음,3
화분,화분퇴비,< 10,30,0,0.3,-,0.87%,높음,7
조경/자갈,정원학교,< 10,30,0.3,1.6,5%,5.77%,중간,4
흙/용토,정일품난석,< 10,30,0.3,0.6,3.71%,2.13%,높음,3
화분,정사각화분,< 10,30,0.3,0,3.71%,-,높음,3
식물관리,냄새없는퇴비,< 10,30,0,1,-,2.95%,중간,7
기타원예,대구선인장,< 10,30,0,0.3,-,0.68%,높음,3
기타원예,개업선인장,< 10,30,0.3,0.8,4.77%,2.28%,높음,7
화분,대전화분선물,< 10,30,0,3.8,-,9.62%,높음,7
화분,예쁜도자기화분,< 10,30,0.7,1.1,14.29%,2.95%,높음,7
화분,생화분,< 10,30,0.1,0.8,2.09%,2.59%,높음,8
화분,흰색도자기화분,< 10,30,0,0.8,-,2.26%,중간,6
화분,당일화분,< 10,30,1.4,3.8,22.92%,12.5%,높음,8
화분,화분꽃배달,< 10,30,0,2.3,-,5.77%,높음,7
화분,학원개원화분,< 10,30,0,1,-,3.34%,높음,8
화분,화분행잉,< 10,30,0.3,0.5,6.67%,1.73%,높음,3
화분,병원화분,< 10,30,0.1,1,2.09%,3.23%,높음,8
화분,신장개업화분,< 10,30,0,1.8,-,6.04%,높음,10
마사토,경화마사토포장,30,< 10,1.8,1.3,5.56%,31.25%,높음,10
마사토,경화마사토,30,< 10,1.9,0.6,5.38%,6.46%,높음,7
씨앗/모종,신선초모종,< 10,30,0.2,0,1.97%,-,중간,6
씨앗/모종,아삭이고추모종,< 10,30,0.2,1,3.85%,3.58%,중간,5
식물관리,삽목뿌리발근제,< 10,30,0.4,2,7.5%,6.46%,높음,8
씨앗/모종,수세미모종,< 10,30,0,0,-,-,높음,3
씨앗/모종,어성초모종,< 10,30,0.1,1.8,2.05%,5%,중간,7
기타원예,나무주사기,< 10,30,0,0.3,-,0.76%,높음,3
마사토,마사토파는곳,< 10,30,0.1,3.1,2.39%,8.67%,높음,7
식물관리,고추관주비료,< 10,30,0.4,5.3,5.36%,12.81%,높음,8
식물관리,감귤비료,< 10,30,0,0.5,-,1.73%,높음,3
식물관리,수용성복합비료,< 10,30,0.5,4.5,6.25%,13.64%,높음,8
화분,화분화산석,< 10,30,0.1,1,1%,2.71%,높음,10
마사토,마사자갈,< 10,30,0,0,-,-,높음,8
조경/자갈,자갈파는곳,< 10,30,0,2.8,-,7.64%,높음,10
조경/자갈,강자갈판매,< 10,30,0.7,5.8,14.29%,12.78%,높음,7
조경/자갈,폐자갈,< 10,30,0.8,2.3,10.72%,7.04%,중간,4
화분,플라스틱화분받침대,< 10,30,0.1,1.8,1.39%,4.87%,높음,8
화분,화분나무받침대,< 10,30,0,0,-,-,높음,3
씨앗/모종,각종씨앗,< 10,30,0.3,0.8,14.29%,2.28%,높음,7
씨앗/모종,원추리씨앗,< 10,30,0,0.8,-,3.41%,높음,3
화분,화분보관,< 10,30,0.2,0.5,3.85%,2.11%,중간,5
화분,식용허브화분,< 10,30,0.3,0,4.77%,-,높음,3
흙/용토,크로넨상토,< 10,30,0,0.3,-,0.85%,높음,3
씨앗/모종,종자씨,< 10,30,0,0.3,-,1.36%,높음,3
기타원예,식물철제선반,< 10,30,0,0.3,-,0.81%,높음,3
씨앗/모종,얌빈씨앗,< 10,30,0.3,4.1,6.25%,11.12%,중간,4
씨앗/모종,와송씨앗,< 10,30,0,2.3,-,8.34%,높음,10
씨앗/모종,식용꽃씨앗,< 10,30,0,0.3,-,0.87%,높음,3
씨앗/모종,약초씨앗,< 10,30,0.6,2.3,9.26%,6.82%,높음,8
화분,몬스테라분갈이화분,< 10,30,0,0,-,-,높음,3
씨앗/모종,오이종자,< 10,30,0.4,2.3,4.29%,7.26%,높음,7
화분,중형토분,< 10,30,0,0,-,-,높음,7
화분,특대형플라스틱화분,< 10,30,0,2.8,-,7.86%,높음,10
씨앗/모종,페퍼민트씨앗,< 10,30,0.7,0.3,11.12%,0.97%,높음,3
씨앗/모종,율무씨앗,< 10,30,0.5,2.8,9.68%,8.09%,중간,6
씨앗/모종,페튜니아씨앗,< 10,30,0.3,0.3,5.56%,0.84%,높음,3
부자재,동력분무기가격,< 10,30,0.9,2.4,17.15%,5.81%,높음,7
조경/자갈,아파트단지조경,< 10,30,0,0,-,-,높음,3
화분,플라스틱원형화분,< 10,30,0,1,-,2.86%,높음,8
흙/용토,화분배양토,10,20,0.4,0.5,2.68%,2.28%,높음,8
마사토,마사토구입,10,20,0.4,1.8,3.58%,7.96%,높음,7
흙/용토,원예용배양토,10,20,0.1,2,1.59%,8.54%,높음,7
식물관리,고형복합비료,20,10,0.1,0.3,0.58%,1.57%,높음,8
텃밭/농업,텃밭용품,10,20,0,1.5,-,6%,높음,8
가드닝/인테리어,담쟁이가든,10,20,0,0,-,-,중간,1
화분,화분토양,10,20,0,0,-,-,높음,3
텃밭/농업,농업비닐,10,20,0.1,1,1.39%,3.45%,높음,8
화분,모던화분,10,20,0.3,0,3.71%,-,높음,3
화분,원통형화분,10,20,0.2,0.5,2.18%,2%,중간,5
화분,축하꽃화분,10,20,0.4,1.3,2.35%,4.47%,높음,8
조경/자갈,정원가드닝,10,20,0.1,0.5,0.96%,2%,높음,7
식물관리,혈분비료,20,10,0.3,1.2,1.64%,8.89%,높음,3
기타원예,식물비서싱고,20,10,0.7,0,6.67%,-,중간,1
화분,사천화분,10,20,0.7,0.5,5.84%,2.28%,높음,10
화분,도자기화분만들기,10,20,0.3,0.3,2.78%,1%,높음,3
화분,개업축하화분추천,10,20,0.7,1,4.77%,4.77%,높음,7
화분,발코니화분,10,20,0,0,-,-,높음,3
씨앗/모종,단호박모종,10,20,1,0.3,6.25%,0.9%,높음,3
식물관리,뿌리활력제,10,20,1,0,5.27%,-,높음,3
마사토,마사토판매,10,20,0.9,1.8,6.93%,7%,높음,10
씨앗/모종,엄나무모종,10,20,0,0.3,-,1.24%,중간,6
마사토,굵은마사,10,20,0.2,2.8,1.25%,11%,중간,7
흙/용토,흙포장,20,10,1.3,0.3,4.95%,2.78%,높음,7
조경/자갈,송이자갈,20,10,0,0.3,-,1.57%,높음,8
조경/자갈,파쇄석자갈,10,20,0.1,0.8,0.79%,2.42%,높음,8
씨앗/모종,두메부추모종,10,20,0.5,0.8,3.2%,4.17%,중간,6
흙/용토,흙경화제,20,10,1.5,0.5,6.5%,3.04%,높음,7
조경/자갈,정원용자갈,10,20,0,1.3,-,5.96%,높음,8
기타원예,미스김라일락묘목,10,20,0.5,0.8,4.17%,3%,높음,8
조경/자갈,자갈포장,20,10,0.6,0.6,2.3%,5.56%,높음,7
조경/자갈,홍자갈,10,20,0.1,3,1.34%,12%,높음,7
부자재,중고분무기,10,20,0.8,2,5.82%,8.34%,중간,7
조경/자갈,실내조경업체,20,10,2.4,0.8,9.35%,6.67%,높음,7
조경/자갈,잔디호미,10,20,0.3,0,2.6%,-,높음,7
조경/자갈,조경삽,10,20,0,0.3,-,0.99%,높음,3
조경/자갈,정원자재,10,20,0.9,2.8,5.36%,14.71%,높음,7
화분,도로대형화분,10,20,0.6,2.5,6%,13.16%,높음,10
기타원예,벽면식물,10,20,0.6,1.5,3.29%,5.77%,높음,8
화분,거실화분받침,10,20,1.2,0.6,8.2%,2.05%,중간,4
기타원예,식물정리,10,20,0,0.5,-,2.57%,높음,3
씨앗/모종,공심채모종,10,20,0,0.3,-,1.2%,높음,3
조경/자갈,들잔디씨앗,10,20,0.6,0.3,4.17%,1.39%,높음,8
기타원예,삼나무공간박스,10,20,1,0,6.67%,-,높음,3
화분,화단화분,10,20,0.1,0.8,0.84%,3.95%,높음,8
부자재,밀차분무기,10,20,0,0,-,-,높음,3
씨앗/모종,상추종자,10,20,0.6,0.5,3.68%,2.28%,높음,8
흙/용토,상토추천,< 10,20,0.3,0,8.34%,-,높음,3
흙/용토,호야분갈이흙,< 10,20,0.3,0.3,11.12%,1.2%,높음,3
흙/용토,화초분갈이흙,< 10,20,0,0.3,-,1.18%,낮음,0
흙/용토,베란다텃밭흙,< 10,20,0,1.8,-,8.75%,높음,8
흙/용토,정한미생물용토,< 10,20,0,0,-,-,높음,3
흙/용토,다육이상토,< 10,20,0,1,-,3.89%,높음,3
조경/자갈,실내조경공사,20,< 10,0,0,-,-,중간,5
마사토,황토마사토,< 10,20,0.1,0,2.05%,-,높음,7
흙/용토,소나무부엽토,< 10,20,0.3,0.3,8.34%,1.15%,높음,3
식물관리,알갱이비료,< 10,20,0,0.3,-,1.48%,높음,3
흙/용토,피트모스흙,< 10,20,0.1,1.3,2.09%,5.21%,높음,8
식물관리,발효퇴비,< 10,20,0.2,0,2.5%,-,높음,9
흙/용토,배양토마사토,< 10,20,0,0.5,-,2.09%,높음,7
마사토,씻은마사토,< 10,20,0.3,0.3,11.12%,1.32%,높음,3
기타원예,서울분갈이,< 10,20,1.3,0.8,22.23%,3.53%,높음,3
마사토,마사토중립,< 10,20,0.2,0.8,2.95%,2.68%,중간,6
기타원예,분갈이서비스,< 10,20,0.3,0.3,3.71%,0.97%,높음,3
기타원예,식물보관,< 10,20,0,0,-,-,높음,3
흙/용토,리치소일,< 10,20,0,0.3,-,1.17%,중간,2
흙/용토,분재용토,< 10,20,0,0,-,-,높음,3
부자재,조화용플로랄폼,< 10,20,0,0,-,-,높음,3
흙/용토,딸기전용상토,< 10,20,0,1.8,-,7%,중간,4
흙/용토,혼합상토,< 10,20,0,0.8,-,3.13%,높음,3
식물관리,미생물복합비료,< 10,20,0.3,0.8,8.7%,3.13%,높음,8
식물관리,과일나무비료,< 10,20,0.1,0.3,3.58%,1.14%,높음,7
식물관리,복숭아비료,< 10,20,0,0.3,-,1%,높음,3
식물관리,수입비료,< 10,20,0,0.8,-,3.27%,높음,3
기타원예,식물구독,< 10,20,0.9,1.5,15%,7.5%,높음,7
화분,화분교체,< 10,20,0.2,0,4%,-,중간,6
화분,유럽풍화분,< 10,20,0,0.6,-,2.09%,높음,3
화분,가정집화분,< 10,20,0,0.5,-,2.09%,높음,3
화분,경량화분,< 10,20,0,0,-,-,높음,3
화분,금색화분,< 10,20,0,1.6,-,6.53%,높음,3
화분,북유럽화분,< 10,20,0,0.3,-,1.48%,높음,3
화분,소품화분,< 10,20,0.3,0.3,16.67%,0.93%,높음,3
화분,심플화분,< 10,20,0,0.8,-,3.95%,높음,3
화분,유리볼화분,< 10,20,0,0,-,-,높음,3
화분,화분싸게파는곳,< 10,20,0.1,0.8,4.77%,3.75%,높음,7
화분,멋진화분,< 10,20,0.2,0.3,4.35%,1.41%,중간,5
흙/용토,흙자갈,< 10,20,0,0.8,-,3.58%,높음,8
화분,대형거실화분,< 10,20,0.1,1.3,3.13%,4.32%,높음,8
화분,제주시화분,< 10,20,0,1.1,-,3.85%,높음,7
기타원예,관엽나무,< 10,20,0,0,-,-,높음,7
화분,가정화분,< 10,20,0,1,-,4.55%,높음,7
화분,황금죽화분,< 10,20,0.1,0.5,2.09%,2.18%,높음,8
화분,관상용화분,< 10,20,0,0.3,-,1.25%,높음,7
화분,마포화분,< 10,20,0.6,0.3,11.43%,1.2%,높음,7
화분,대형꽃화분,< 10,20,0.1,0.8,7.15%,3.62%,높음,7
화분,고급대형화분,< 10,20,0.6,0.5,7.15%,2.39%,높음,7
화분,저렴한화분,< 10,20,0,0.3,-,1.2%,높음,8
화분,식당오픈화분,< 10,20,0.5,0.8,12.5%,3.58%,높음,8
화분,걸이용화분,< 10,20,0,0,-,-,높음,3
기타원예,선인장배달,< 10,20,0.3,1.6,4.77%,7.8%,높음,7
식물관리,상추비료,< 10,20,0.5,0,7.15%,-,높음,8
화분,화분식물영양제,< 10,20,0.1,1.1,4.77%,4.71%,높음,7
식물관리,비료시험연구기관,20,< 10,1.3,0,7.02%,-,높음,3
마사토,대구마사토,< 10,20,0.3,3,6.67%,12.5%,높음,3
기타원예,식물상처보호제,< 10,20,0.2,0.3,7.7%,1.07%,중간,4
흙/용토,장미분갈이흙,< 10,20,0,0.5,-,2%,높음,3
씨앗/모종,수박모종가격,< 10,20,0,0.3,-,0.84%,높음,3
씨앗/모종,초당옥수수모종,< 10,20,0,0,-,-,중간,5
씨앗/모종,토란모종,< 10,20,0,0.8,-,3.04%,높음,3
씨앗/모종,들깨모종가격,< 10,20,0.3,0.5,8.34%,2.95%,중간,4
식물관리,칼슘액비,< 10,20,0,0,-,-,높음,3
식물관리,방울토마토비료,< 10,20,0.1,0.3,2.95%,1.25%,높음,7
텃밭/농업,고추밭비닐,< 10,20,0,0,-,-,높음,3
씨앗/모종,베고니아씨앗,< 10,20,0,0,-,-,높음,3
씨앗/모종,어린모종,< 10,20,0,3.4,-,19.12%,높음,3
식물관리,고추발근제,< 10,20,0.1,1.3,2.5%,5%,높음,8
식물관리,양파비료,< 10,20,0,0.6,-,2.64%,높음,3
식물관리,농약침투제,< 10,20,0.3,0.5,6.67%,1.67%,높음,3
조경/자갈,강자갈1톤,< 10,20,0.7,2.3,8.93%,17.31%,높음,7
조경/자갈,핑크자갈,< 10,20,0.3,0.5,14.29%,2.9%,높음,7
조경/자갈,둥근자갈,< 10,20,0,0.8,-,3.27%,높음,3
흙/용토,묘지흙,< 10,20,0.7,0.5,11.12%,3.23%,높음,3
흙/용토,산소흙,< 10,20,0,0,-,-,높음,7
씨앗/모종,해방풍모종,20,< 10,0,1,-,16.67%,낮음,0
씨앗/모종,독활모종,< 10,20,0.9,3,10.35%,11.12%,중간,3
씨앗/모종,무종자,< 10,20,0.3,0.3,6.67%,1.05%,높음,3
기타원예,원예끈,< 10,20,0.7,0.5,13.34%,3.58%,높음,3
부자재,원예지지대,< 10,20,0,1,-,5.27%,높음,8
기타원예,식물고정끈,< 10,20,0.1,0.8,2.44%,3.58%,높음,7
화분,2단화분정리대,< 10,20,0,1.4,-,6.18%,높음,7
화분,화분받침사각,< 10,20,0,0,-,-,높음,3
화분,화분이동받침대,< 10,20,0.3,0,11.12%,-,높음,3
화분,화분재료,< 10,20,0.3,0.5,4.09%,2.78%,높음,7
씨앗/모종,금잔화모종,< 10,20,0.2,0.5,4.77%,2.78%,중간,5
화분,높은화분선반,< 10,20,0,0,-,-,높음,3
화분,코르크화분,< 10,20,0.3,0,16.67%,-,높음,3
화분,토분화분받침대,< 10,20,0,0,-,-,높음,3
화분,통기성화분,< 10,20,0.3,0.5,5.56%,2.64%,높음,3
화분,팔각화분,< 10,20,0,0,-,-,높음,3
화분,하모화분,< 10,20,0,0.3,-,1.14%,높음,3
화분,하월시아화분,< 10,20,0,0,-,-,높음,3
씨앗/모종,종자씨앗,< 10,20,0.4,0.9,4.77%,4.11%,높음,7
씨앗/모종,봄파종꽃씨,< 10,20,0.3,1,11.12%,4.77%,높음,3
씨앗/모종,샐러드씨앗,< 10,20,0,1.6,-,5.89%,높음,3
씨앗/모종,쑥모종,< 10,20,0,0,-,-,높음,3
씨앗/모종,익모초씨앗,< 10,20,0,1.5,-,5.56%,높음,3
씨앗/모종,적겨자씨앗,< 10,20,0,0.3,-,1.05%,높음,3
씨앗/모종,세이지씨앗,< 10,20,0,1,-,5.56%,높음,3
화분,거실화분대,< 10,20,0.2,3.8,2.86%,11.37%,높음,10
화분,화분분갈이업체,< 10,20,0.1,1.3,2.05%,8.78%,높음,7
씨앗/모종,줄기상추씨앗,< 10,20,0,0,-,-,높음,3
씨앗/모종,기린초씨앗,< 10,20,0.3,0.3,33.34%,1.57%,높음,3
부자재,엔진식분무기,< 10,20,0.4,1.8,4.17%,9.22%,높음,8
씨앗/모종,잎들깨씨앗,< 10,20,0,0.5,-,2.95%,높음,3
화분,국산화분,< 10,20,0,0.3,-,1.2%,높음,3
화분,칼라화분,< 10,20,0,0.3,-,1%,높음,7
화분,특대형토분,< 10,20,0,0,-,-,높음,7
화분,플라스틱토분화분,< 10,20,0.4,0,6.13%,-,높음,7
씨앗/모종,돌산갓씨앗,< 10,20,0.1,0.3,1.79%,0.93%,높음,7
씨앗/모종,범부채씨앗,< 10,20,0,0,-,-,높음,3
씨앗/모종,베르가못씨앗,< 10,20,0,0.5,-,2.28%,높음,3
부자재,100A동력분무기,< 10,20,0,0,-,-,높음,3
씨앗/모종,감초씨앗,< 10,20,0.2,2,3.34%,7.5%,중간,5
씨앗/모종,미니해바라기씨앗,< 10,20,0,0,-,-,높음,7
씨앗/모종,애호박종자,< 10,20,0.7,0.3,9.53%,1.14%,높음,3
조경/자갈,조경용퇴비,10,10,0.4,0.3,2.86%,1.79%,높음,7
흙/용토,한아름배양토,10,10,0.6,0.6,4.11%,3.78%,중간,5
조경/자갈,조경용비료,10,10,0.6,0.5,4.09%,5.72%,높음,7
마사토,마사토20KG,10,10,0.1,0.5,1.05%,3.13%,높음,8
흙/용토,상토2호,10,10,0.1,0,2.86%,-,높음,7
조경/자갈,정원조성,10,10,0.7,1.9,3.97%,21.43%,높음,7
기타원예,원예심리상담사자격증,10,10,0.1,1.3,0.96%,7.36%,높음,7
기타원예,유치원원예수업,10,10,0,0.3,-,1.43%,높음,7
기타원예,소나무식재,10,10,0,0,-,-,중간,5
식물관리,산림용고형비료,10,10,0.7,0,4.17%,-,높음,3
조경/자갈,잔디용비료,10,10,0,0,-,-,중간,6
화분,야외용화분,10,10,0.3,0.3,2.5%,2.09%,높음,8
씨앗/모종,모종키트,10,10,0.3,0,3.04%,-,높음,3
화분,매장화분,10,10,0.8,0.8,5.36%,3.95%,높음,8
화분,확장이전화분,10,10,0,0.5,-,2.95%,높음,8
마사토,운동장마사토,10,10,0.4,0.5,2.86%,4.17%,높음,7
씨앗/모종,딸기모종판매,10,10,0.3,0,2.86%,-,높음,7
씨앗/모종,모종가격,10,10,0,0,-,-,높음,3
식물관리,못비료,10,10,0,0,-,-,높음,3
마사토,마사토톤백,10,10,1,0.8,7.15%,6.82%,높음,10
조경/자갈,깬자갈,10,10,0.1,0.6,1.03%,3.23%,높음,7
마사토,친마사,10,10,0,0.3,-,1.79%,높음,3
씨앗/모종,모종팜,10,10,0.8,0,8.7%,-,높음,3
조경/자갈,조경판석,10,10,0.6,1.3,3.18%,10.42%,높음,7
조경/자갈,야외정원조명,10,10,0.4,0.3,3.3%,2.78%,높음,7
조경/자갈,LED정원조명,10,10,0,0.8,-,7.7%,높음,7
화분,화분고정,10,10,0.3,0,2.57%,-,높음,3
기타원예,구근식물키우기,10,10,0,0,-,-,높음,3
조경/자갈,화산석가루,10,10,0.3,0,3.34%,-,높음,3
부자재,전기식분무기,10,10,0,1.8,-,12.73%,높음,7
부자재,육묘용트레이,10,10,1.8,0.8,10.67%,4.48%,중간,4
부자재,동력분무기모터,10,10,0.3,0,2.78%,-,높음,3
흙/용토,BVB상토,< 10,10,0,0,-,-,높음,3
흙/용토,식물분갈이흙,< 10,10,0,0,-,-,높음,7
흙/용토,분갈이흙파는곳,< 10,10,0,0,-,-,낮음,0
흙/용토,수국분갈이흙,< 10,10,0,0,-,-,높음,3
식물관리,분갈이퇴비,< 10,10,0,0,-,-,낮음,0
마사토,원예용마사토,< 10,10,0,0.8,-,4.42%,높음,3
흙/용토,텃밭상토,< 10,10,0,0.3,-,2.5%,높음,3
흙/용토,분재분갈이흙,< 10,10,0,0.3,-,1.54%,중간,5
식물관리,퇴비파는곳,< 10,10,0,0.5,-,6.25%,높음,8
기타원예,분갈이토,< 10,10,0,1,-,10%,높음,3
흙/용토,텃밭배양토,< 10,10,0,0,-,-,높음,3
식물관리,원예용퇴비,< 10,10,0,1,-,10%,높음,8
화분,출장화분분갈이,< 10,10,0,1,-,6.67%,높음,7
흙/용토,해찬솔배양토,< 10,10,0,0,-,-,높음,3
마사토,마사토미립,< 10,10,0,0.3,-,1.93%,높음,3
조경/자갈,세척자갈,< 10,10,0,0.3,-,2.44%,높음,3
흙/용토,가벼운흙,< 10,10,0,0,-,-,높음,3
흙/용토,상토파는곳,< 10,10,0,0.3,-,2.78%,높음,3
식물관리,조개탄비료,< 10,10,0,0.5,-,3.13%,높음,3
흙/용토,하나로상토,< 10,10,0,0.5,-,3.93%,높음,3
흙/용토,유기농흙,< 10,10,0.3,0.5,11.12%,3.28%,높음,3
마사토,텃밭마사토,< 10,10,0.3,0,33.34%,-,높음,3
흙/용토,휴가토세립,< 10,10,0.5,1.3,8.34%,8.34%,중간,2
기타원예,다육이모래,< 10,10,0.7,0.8,7.41%,6.39%,높음,3
흙/용토,한아름블루베리상토,< 10,10,0,0.8,-,8.34%,높음,3
흙/용토,한아름원예상토,< 10,10,1,0.3,11.12%,2.33%,높음,3
기타원예,분당분갈이,< 10,10,0,0,-,-,높음,3
기타원예,김포분갈이,< 10,10,0,0,-,-,낮음,0
기타원예,송파분갈이,< 10,10,0,0.8,-,6.39%,낮음,0
식물관리,벼비료,< 10,10,0,0,-,-,높음,3
흙/용토,배양토파는곳,< 10,10,0.3,0.3,33.34%,2.28%,높음,3
기타원예,식물케어,< 10,10,0,0,-,-,높음,7
흙/용토,다육이전용토,< 10,10,0,1,-,7.28%,중간,5
흙/용토,다육이전용분갈이흙,< 10,10,0.7,0.5,33.34%,3.39%,높음,3
기타원예,다육이쇼핑몰,< 10,10,0,0.3,-,2.78%,높음,3
흙/용토,넘버원상토,< 10,10,0,0.5,-,4.55%,높음,3
식물관리,미원비료,< 10,10,0,0,-,-,중간,1
기타원예,식물가구,< 10,10,0,0.6,-,5.56%,높음,3
식물관리,배추비료,< 10,10,0.1,0.8,1.25%,4.42%,높음,10
흙/용토,영양흙,< 10,10,0,0.3,-,1.79%,높음,3
흙/용토,자연흙,< 10,10,0,0.5,-,3.28%,높음,3
흙/용토,파종흙,< 10,10,0.4,0.8,8.34%,5.89%,중간,2
기타원예,원예심리,< 10,10,0.3,0.5,5.56%,3.34%,높음,3
기타원예,식물교육,< 10,10,0.3,0,4.17%,-,높음,3
기타원예,식물수업,< 10,10,0,0.3,-,1.48%,높음,3
조경/자갈,대구조경자재,< 10,10,0.3,1.5,11.12%,11.43%,높음,3
조경/자갈,정원용품파는곳,< 10,10,0,1.3,-,12.5%,중간,6
화분,화분싼곳,< 10,10,0,0.5,-,4.66%,높음,7
화분,화분전문점,< 10,10,0,0.3,-,4.17%,높음,7
식물관리,비료대왕,< 10,10,0,0,-,-,높음,3
식물관리,원예용고형비료,< 10,10,0,0.3,-,3.13%,높음,3
식물관리,마양구비료,< 10,10,0,1.8,-,12.73%,중간,5
기타원예,고급난초,< 10,10,0.1,1.6,4.77%,9.53%,높음,7
화분,그레이화분,< 10,10,0,0,-,-,높음,3
화분,화분받침세트,< 10,10,0,0,-,-,높음,3
화분,영천화분,< 10,10,0.1,0.3,3.58%,2.09%,높음,7
화분,사무실꽃화분,< 10,10,0,0,-,-,높음,7
화분,축하화분가격,< 10,10,0.1,0.5,1.57%,2.78%,높음,8
화분,인기화분,< 10,10,0,0.5,-,3.23%,높음,7
식물관리,주말농장퇴비,< 10,10,0,0,-,-,높음,3
화분,화분부자재,< 10,10,0.7,0.5,16.67%,3.78%,높음,3
기타원예,고양선인장,< 10,10,0,0.4,-,3.23%,높음,3
화분,꽃화분가격,< 10,10,0,0,-,-,높음,7
화분,화분용품,< 10,10,0.4,0,4.69%,-,높음,8
기타원예,고무나무선물,< 10,10,0.1,0,4.77%,-,높음,7
화분,축화화분,< 10,10,0,0,-,-,높음,7
화분,사직동화분,< 10,10,0,0,-,-,높음,7
화분,개관식화분,< 10,10,0,0.3,-,1.62%,높음,7
화분,수성구개업화분,< 10,10,0,0.3,-,1.93%,높음,7
화분,화분업체,10,< 10,0.6,0,4.77%,-,높음,7
기타원예,개업고무나무,< 10,10,0,0.8,-,5%,높음,8
화분,오래가는화분,< 10,10,0,0,-,-,높음,7
기타원예,개업선물선인장,< 10,10,0,0,-,-,높음,3
화분,집들이용화분,< 10,10,0.1,1.3,14.29%,9.62%,높음,7
화분,공화분,< 10,10,0,0,-,-,낮음,0
화분,개업화분매입,< 10,10,0,0,-,-,높음,3
화분,오래사는화분,< 10,10,0,0.5,-,3.58%,높음,3
화분,좋은화분,< 10,10,0,0,-,-,높음,3
화분,상록수화분,< 10,10,0.8,0,12.13%,-,중간,5
화분,도자기분재화분,< 10,10,0,0.3,-,1.79%,높음,7
화분,도자기사각화분,< 10,10,0.3,0.8,6.67%,5.36%,높음,3
화분,특대형도자기화분,< 10,10,0,0.8,-,5.89%,높음,3
화분,화분도기,< 10,10,0,0,-,-,높음,3
화분,사무실인테리어화분,< 10,10,0,1.5,-,16.67%,높음,7
화분,고기집개업화분,< 10,10,0,0.3,-,1.93%,높음,8
화분,전국화분,< 10,10,1,0.7,16.67%,3.9%,높음,10
화분,대전꽃화분,< 10,10,0,0,-,-,낮음,0
화분,대형화분구매,< 10,10,0.7,0.5,11.77%,2.78%,중간,6
화분,이동화분받침대,< 10,10,0,0.3,-,2.5%,높음,3
화분,화분항아리,< 10,10,0,0.3,-,1.32%,높음,3
화분,송도화분배달,< 10,10,0.4,1,14.29%,9.1%,높음,7
화분,개업화분해피트리,< 10,10,0,0.5,-,3.85%,높음,8
화분,공중걸이화분,< 10,10,0,0.5,-,5.56%,낮음,0
화분,코코넛행잉화분,< 10,10,0,0,-,-,낮음,0
화분,행잉라탄바구니,< 10,10,0,0.3,-,1.79%,높음,3
화분,술집개업화분,< 10,10,0,0,-,-,높음,7
식물관리,수박비료,< 10,10,0,0,-,-,높음,8
식물관리,옥수수비료,< 10,10,0,0.3,-,1.39%,높음,7
가드닝/인테리어,가드닝브랜드,10,< 10,0,0,-,-,낮음,0
식물관리,대파비료,< 10,10,0,0,-,-,높음,8
식물관리,오이비료,< 10,10,0,0.3,-,2.28%,높음,7
식물관리,포도비료,< 10,10,0,0.8,-,5.36%,높음,3
씨앗/모종,땅콩모종가격,< 10,10,0.2,0.8,3.85%,4.48%,중간,5
씨앗/모종,민들레모종,< 10,10,0.2,0,3.85%,-,중간,4
마사토,학교운동장마사토,10,< 10,0.3,0,2.39%,-,높음,7
씨앗/모종,모종구입,< 10,10,0.2,0.5,2.23%,4.55%,중간,6
식물관리,비료판매,< 10,10,0,0.9,-,5.77%,높음,7
기타원예,나무짱짱,10,< 10,1,0,6.67%,-,높음,3
식물관리,원예고형비료,< 10,10,0,0.5,-,2.78%,높음,3
식물관리,참외비료,< 10,10,0,0.3,-,2.71%,높음,3
씨앗/모종,톱풀씨앗,< 10,10,0.3,0,16.67%,-,높음,3
식물관리,생강비료,< 10,10,1,0.4,33.34%,2.71%,낮음,2
식물관리,부추비료,< 10,10,0,0,-,-,중간,5
식물관리,유실수비료,< 10,10,0,0.8,-,5.77%,높음,3
식물관리,고추살균제,< 10,10,0,0,-,-,낮음,0
씨앗/모종,쿠라피아씨앗,< 10,10,0.4,2.6,7.15%,16.28%,중간,3
조경/자갈,조경모래,< 10,10,0.3,0.9,4.77%,7.15%,높음,7
조경/자갈,강자갈톤백,< 10,10,0.5,2,9.68%,15.39%,중간,6
조경/자갈,조경포장,10,< 10,0.7,0.6,5.13%,15.39%,높음,3
조경/자갈,전원주택자갈,< 10,10,0,0.3,-,1.57%,높음,8
마사토,백마사토,< 10,10,0,0.6,-,3.64%,높음,3
마사토,친마사토,10,< 10,0.3,0.3,2.6%,3.58%,높음,7
조경/자갈,작은자갈,< 10,10,0.1,2,1.64%,13.96%,높음,7
마사토,깡마사,< 10,10,0,0,-,-,중간,1
조경/자갈,에폭시자갈,< 10,10,0,0.3,-,1.67%,높음,7
조경/자갈,천연자갈,< 10,10,0.6,0.5,9.53%,7.41%,높음,7
조경/자갈,자연자갈,10,< 10,0.2,0.5,1.18%,10%,높음,10
흙/용토,흙고화제,10,< 10,0.9,0.3,6.13%,8.34%,높음,7
조경/자갈,자갈천지,< 10,10,0.8,1.1,8.58%,9.76%,중간,4
조경/자갈,지압자갈,< 10,10,0.1,1.5,10%,10%,높음,10
씨앗/모종,매발톱꽃씨앗,< 10,10,0.3,0.3,33.34%,2.09%,높음,3
조경/자갈,알자갈,< 10,10,1.5,0.8,21.06%,7.15%,중간,3
식물관리,농업용비료,< 10,10,0,0,-,-,높음,3
식물관리,유기복합비료,< 10,10,0,0.3,-,1.67%,높음,3
텃밭/농업,노지월동구근,< 10,10,0,0,-,-,높음,3
조경/자갈,자갈정원,< 10,10,0.2,1.5,2.95%,8.83%,중간,6
씨앗/모종,그라스모종,< 10,10,0,0,-,-,높음,3
씨앗/모종,자색양파모종,< 10,10,0,0,-,-,높음,3
씨앗/모종,항암배추모종,< 10,10,0,0.3,-,1.39%,중간,6
식물관리,소나무살충제,< 10,10,0.4,0.8,5.07%,5.77%,높음,10
가드닝/인테리어,미니가드닝,< 10,10,0,0.5,-,3.85%,높음,3
가드닝/인테리어,가든조명,< 10,10,0,0.3,-,1.79%,높음,10
가드닝/인테리어,가든꾸미기,< 10,10,0.3,0.3,9.53%,2.44%,높음,7
부자재,분무기용기,10,< 10,0.7,0.8,5.11%,10.72%,높음,7
식물관리,농약뿌리는기계,< 10,10,0,0.5,-,3.85%,높음,3
씨앗/모종,씨앗쇼핑몰,< 10,10,0,1.3,-,8.93%,높음,8
씨앗/모종,종자파는곳,< 10,10,0,0.5,-,4.55%,높음,3
부자재,호즈물조리개,< 10,10,0,0.3,-,1.79%,높음,3
씨앗/모종,씨앗구입,< 10,10,0.7,2.8,8.93%,16.18%,높음,7
화분,2단화분받침대,< 10,10,0,0,-,-,높음,7
부자재,북주기삽,< 10,10,0,0.4,-,3.45%,높음,3
기타원예,나무고정끈,< 10,10,0,0.3,-,2.28%,높음,3
기타원예,식물타이,< 10,10,0,1,-,5.8%,높음,3
부자재,원예용지지대,< 10,10,0,0.5,-,3.34%,높음,7
부자재,원예용타이,< 10,10,0,0.5,-,5%,높음,3
부자재,줄기지지대,< 10,10,0,0.3,-,2.5%,높음,3
기타원예,식물벨크로,< 10,10,0,0,-,-,높음,3
화분,시멘트대형화분,< 10,10,0,0,-,-,높음,3
화분,자동화분,< 10,10,0,0,-,-,높음,3
화분,직사각화분받침대,< 10,10,0.3,0,4.17%,-,높음,3
화분,초화화분,< 10,10,0.3,0.3,8.34%,1.93%,높음,3
부자재,빈티지물조리개,< 10,10,0,0,-,-,높음,3
부자재,스텐물뿌리개,< 10,10,0,0,-,-,높음,3
조경/자갈,정원토끼,< 10,10,0,1.5,-,11.54%,낮음,0
씨앗/모종,알파파씨앗,< 10,10,0.3,0.5,11.12%,4%,높음,3
부자재,홈가드닝용품,< 10,10,0.3,1,4%,6.67%,중간,4
화분,플라스틱화분대,< 10,10,0,0,-,-,높음,3
화분,큐브화분,< 10,10,0,0,-,-,높음,3
화분,토분13호,< 10,10,0,0.8,-,5.36%,높음,3
화분,통기화분,< 10,10,0,0.3,-,1.79%,높음,3
화분,화분황토볼,< 10,10,0,0.3,-,1.48%,높음,3
씨앗/모종,렌틸콩씨앗,< 10,10,0.1,1.9,4.77%,13.34%,높음,7
텃밭/농업,노지월동꽃씨,< 10,10,0,1.4,-,13.52%,높음,3
조경/자갈,한국잔디씨,< 10,10,0.4,0.5,6.13%,4%,높음,7
부자재,모터식분무기,< 10,10,0,0,-,-,높음,3
부자재,북성분무기,< 10,10,0.1,0.3,4.17%,2.09%,높음,8
화분,실내화분거치대,< 10,10,0,0,-,-,낮음,0
씨앗/모종,강낭콩모종,< 10,10,0.5,0.6,8.34%,5.13%,중간,4
씨앗/모종,그라스씨앗,< 10,10,0,0.5,-,5.27%,중간,6
씨앗/모종,메론모종,< 10,10,0,0,-,-,높음,3
씨앗/모종,산마늘종자,< 10,10,0,0.3,-,2.28%,높음,3
씨앗/모종,엄나무종자,< 10,10,0,0,-,-,높음,3
씨앗/모종,작물씨앗,< 10,10,0.3,1,11.12%,6.25%,높음,3
씨앗/모종,콩모종,< 10,10,0,0.3,-,1.93%,높음,3
씨앗/모종,피망모종,< 10,10,0,0,-,-,높음,3
씨앗/모종,꽃씨앗파는곳,< 10,10,0.8,2,25%,20%,높음,8
화분,화분분갈이세트,< 10,10,0.3,0,4.77%,-,높음,3
씨앗/모종,샐러드채소씨앗,< 10,10,0,0.3,-,2.09%,높음,3
가드닝/인테리어,플랜테리어시공,< 10,10,0.1,0.3,2.86%,2.28%,높음,7
부자재,주행식분무기,10,< 10,0.3,0,2.6%,-,높음,7
씨앗/모종,개미취씨앗,< 10,10,0.3,0,33.34%,-,높음,3
씨앗/모종,자운영파종,< 10,10,0,0,-,-,높음,3
씨앗/모종,유럽상추종자,10,< 10,0.3,0,3.04%,-,높음,3
화분,대형블루베리화분,< 10,10,0,1.3,-,12.2%,높음,3
화분,대형프라스틱화분,< 10,10,0.1,0,2.05%,-,높음,7
화분,미니사각화분,< 10,10,0,0,-,-,높음,3
화분,일체형화분,< 10,10,0,0,-,-,높음,3
씨앗/모종,유채꽃종자,10,< 10,0.7,0.8,7.15%,9.68%,중간,4
씨앗/모종,취나물파종,< 10,10,0,0,-,-,중간,2
씨앗/모종,해외씨앗,< 10,10,1.7,0.6,23.81%,5.27%,높음,3
부자재,포터블분무기,< 10,10,0.1,0,7.15%,-,높음,7
흙/용토,배양토10L,< 10,< 10,0,0,-,-,높음,3
흙/용토,분갈이흙20L,< 10,< 10,0,0,-,-,높음,3
흙/용토,원예배양토,< 10,< 10,0,0.3,-,5.27%,높음,3
흙/용토,지렁이가만든배양토,< 10,< 10,0,0,-,-,높음,3
흙/용토,대용량상토,< 10,< 10,0.3,0.5,8.34%,7.15%,높음,3
흙/용토,배양토분갈이흙,< 10,< 10,0,0,-,-,낮음,0
흙/용토,상토구입,< 10,< 10,0,0,-,-,높음,3
흙/용토,분갈이흙상토,< 10,< 10,0,0.3,-,3.58%,높음,3
조경/자갈,조경비료,< 10,< 10,0,0.3,-,2.33%,높음,3
흙/용토,지렁이가만든친환경배양토,< 10,< 10,0,0,-,-,낮음,0
흙/용토,입상배양토,< 10,< 10,0,0.3,-,11.12%,중간,2
흙/용토,일반흙,< 10,< 10,0,0,-,-,높음,7
흙/용토,원예용용토,< 10,< 10,0,0,-,-,높음,3
마사토,마사토업체,< 10,< 10,0.3,0,16.67%,-,높음,3
마사토,조경용마사토,< 10,< 10,0.6,0.3,8.17%,8.34%,높음,7
흙/용토,매직소일,< 10,< 10,0,1,-,100%,중간,1
식물관리,산림용비료,< 10,< 10,0,0,-,-,낮음,0
흙/용토,정한퇴비상토,< 10,< 10,0.3,0,33.34%,-,높음,3
흙/용토,조경용상토,< 10,< 10,0,0,-,-,높음,3
흙/용토,텃밭용상토,< 10,< 10,0,0.8,-,9.38%,높음,3
식물관리,푸름이막대비료,< 10,< 10,1,0,13.05%,-,높음,3
식물관리,화훼비료,< 10,< 10,0.7,0,22.23%,-,높음,3
흙/용토,친환경흙,< 10,< 10,0,0,-,-,높음,3
식물관리,비료구입,< 10,< 10,0.4,0,6.13%,-,높음,7
조경/자갈,잔디비료추천,< 10,< 10,0,0.3,-,6.25%,중간,5
흙/용토,조경상토,< 10,< 10,0,0,-,-,높음,3
흙/용토,분갈이흙배양토,< 10,< 10,0,0,-,-,높음,8
기타원예,강남분갈이,< 10,< 10,0,0.3,-,2.78%,높음,3
조경/자갈,원예자갈,< 10,< 10,0.4,0.6,14.29%,9.1%,높음,7
흙/용토,유기배양토,< 10,< 10,0,0,-,-,높음,3
기타원예,식물관리서비스,< 10,< 10,0.1,0,4.77%,-,높음,7
식물관리,과수원비료,< 10,< 10,0,0.5,-,7.15%,높음,3
식물관리,퇴비구입,< 10,< 10,0,0,-,-,높음,3
식물관리,가지비료,< 10,< 10,0,0,-,-,낮음,0
흙/용토,상토대량구매,< 10,< 10,0,0.8,-,10.35%,낮음,0
흙/용토,상토도매,< 10,< 10,0,0,-,-,높음,3
기타원예,식물구독서비스,< 10,< 10,0,0.3,-,25%,낮음,0
기타원예,나무렌탈,< 10,< 10,0.4,0.3,6.13%,6.25%,높음,7
흙/용토,씨앗흙,< 10,< 10,0.3,0,33.34%,-,높음,3
흙/용토,멀칭바크,< 10,< 10,0,0.5,-,8.34%,높음,3
흙/용토,솔림상토,< 10,< 10,0.3,0,11.12%,-,높음,3
흙/용토,수국상토,< 10,< 10,0,0,-,-,높음,3
부자재,원예용모래,< 10,< 10,0,0.3,-,4.17%,높음,3
식물관리,채소비료,< 10,< 10,0,0,-,-,높음,3
흙/용토,채소흙,< 10,< 10,0,0.3,-,3.58%,높음,3
흙/용토,토마토흙,< 10,< 10,0,0,-,-,높음,3
흙/용토,허브흙,< 10,< 10,0,0,-,-,낮음,0
흙/용토,흙나라,< 10,< 10,0,0,-,-,낮음,0
기타원예,사무실인테리어식물,< 10,< 10,0,0,-,-,높음,7
마사토,고운마사토,< 10,< 10,0.3,0,16.67%,-,높음,3
기타원예,어린이식물교실,< 10,< 10,0,0,-,-,낮음,0
기타원예,원예강의,< 10,< 10,0.7,0,33.34%,-,높음,3
기타원예,유치원원예키트,< 10,< 10,0.7,0,33.34%,-,높음,3
흙/용토,블루베리전용토,< 10,< 10,0,0.3,-,3.13%,높음,3
식물관리,텃밭복합비료,< 10,< 10,0,0,-,-,높음,3
기타원예,원예물품,< 10,< 10,0,0,-,-,높음,3
부자재,원예용품도매,< 10,< 10,0.3,0.3,9.53%,4.17%,높음,7
조경/자갈,조경소품,< 10,< 10,0.3,1.4,4.77%,23.81%,높음,7
조경/자갈,조경자재판매,< 10,< 10,0,0,-,-,높음,7
조경/자갈,준공조경,< 10,< 10,0.4,0,7.15%,-,높음,7
부자재,고추멀칭,< 10,< 10,0,0,-,-,높음,3
조경/자갈,조경물품,< 10,< 10,0,0.3,-,2.57%,높음,7
화분,화분전문,< 10,< 10,0,0,-,-,낮음,0
조경/자갈,조경자재백화점,< 10,< 10,0.3,0,14.29%,-,높음,7
화분,사무실화분분갈이,< 10,< 10,0.3,0,5.72%,-,높음,7
흙/용토,피트모스파는곳,< 10,< 10,0.1,0,2.39%,-,높음,7
식물관리,골프장비료,< 10,< 10,0,0,-,-,낮음,0
조경/자갈,조경용자재,< 10,< 10,0,0,-,-,낮음,0
부자재,원예자재도매,< 10,< 10,0,0,-,-,높음,7
식물관리,3종복합비료,< 10,< 10,0,0.5,-,25%,높음,3
식물관리,묘목비료,< 10,< 10,0,0,-,-,높음,3
식물관리,비료영양제,< 10,< 10,0,0.3,-,3.58%,높음,3
식물관리,유기질복합비료,< 10,< 10,0,0,-,-,높음,3
식물관리,주말농장비료,< 10,< 10,0.3,0.3,4.17%,3.58%,높음,3
조경/자갈,정원물품,< 10,< 10,0,0,-,-,낮음,0
기타원예,분갈이모래,< 10,< 10,0,0,-,-,높음,3
기타원예,인천출장분갈이,< 10,< 10,0,0,-,-,낮음,0
화분,줄무늬화분,< 10,< 10,0,0,-,-,높음,3
기타원예,키즈원예,< 10,< 10,0,0,-,-,높음,3
화분,자이언트화분,< 10,< 10,0,0,-,-,낮음,0
화분,모델하우스오픈화분,< 10,< 10,0,0,-,-,높음,3
화분,키우기쉬운대형화분,< 10,< 10,0,0,-,-,높음,3
기타원예,서울출장분갈이,< 10,< 10,0.6,0.3,10%,8.34%,높음,7
화분,개업식화분종류,< 10,< 10,0.4,0,12.5%,-,높음,8
기타원예,생일케이크꽃배달,< 10,< 10,0.3,0.5,14.29%,12.5%,높음,7
화분,개업화분메세지,< 10,< 10,0,0,-,-,높음,3
기타원예,다육이배달,< 10,< 10,0,0.4,-,4.77%,높음,3
화분,유광화분,< 10,< 10,0,0,-,-,높음,3
화분,공장이전화분,< 10,< 10,0,0.3,-,8.34%,높음,7
화분,축하대형화분,< 10,< 10,0.1,0.3,4.77%,3.34%,높음,7
화분,경조화분,< 10,< 10,0.4,0,6.13%,-,높음,7
기타원예,뱅갈고무나무배달,< 10,< 10,0.2,1,20%,14.29%,높음,10
화분,화분전국배달,< 10,< 10,0.1,1.3,4.77%,17.86%,높음,7
화분,해피트리개업화분,< 10,< 10,0,0.3,-,14.29%,높음,7
화분,실내조경화분,< 10,< 10,0.1,0.3,7.15%,5%,높음,7
기타원예,장애인원예,< 10,< 10,0,0.3,-,6.67%,높음,3
화분,매장오픈화분,< 10,< 10,0,0.8,-,10.72%,높음,8
기타원예,식물액체영양제,< 10,< 10,0,0.3,-,3.13%,높음,3
식물관리,비료분석,< 10,< 10,0,0,-,-,높음,3
마사토,경남마사토,< 10,< 10,0,0,-,-,낮음,0
마사토,마사토시공,< 10,< 10,0.4,0.3,8%,8.34%,중간,5
마사토,운동장마사토포장,< 10,< 10,0.3,0,16.67%,-,높음,3
씨앗/모종,여름상추모종,< 10,< 10,0,0,-,-,낮음,0
씨앗/모종,가시오이모종,< 10,< 10,0,0,-,-,낮음,0
씨앗/모종,배추모종가격,< 10,< 10,0,0,-,-,중간,6
씨앗/모종,상추모종종류,< 10,< 10,0,0,-,-,중간,6
씨앗/모종,옥수수모종가격,< 10,< 10,0,0,-,-,높음,3
씨앗/모종,완숙토마토모종,< 10,< 10,0,0,-,-,높음,3
씨앗/모종,자색땅콩모종,< 10,< 10,0,0,-,-,낮음,0
씨앗/모종,조롱박모종,< 10,< 10,0,0,-,-,중간,4
씨앗/모종,찰옥수수모종,< 10,< 10,0,0.3,-,5.56%,낮음,0
텃밭/농업,배추재배법,< 10,< 10,0,0,-,-,낮음,0
씨앗/모종,김장배추모종,< 10,< 10,0,0,-,-,중간,6
텃밭/농업,텃밭영양제,< 10,< 10,0,0,-,-,높음,7
마사토,마사토선별기,< 10,< 10,0.3,0,6.67%,-,높음,3
씨앗/모종,곰취모종판매,< 10,< 10,0,0,-,-,낮음,0
식물관리,비료도매,< 10,< 10,0.3,0,11.12%,-,높음,3
마사토,강화마사토,< 10,< 10,0.3,1.3,6.67%,21.74%,높음,3
기타원예,나무수간주사,< 10,< 10,0,0,-,-,높음,3
기타원예,나무약품,< 10,< 10,0,0,-,-,중간,1
식물관리,소나무발근제,< 10,< 10,0,0.3,-,3.13%,높음,3
식물관리,고추탄저병농약,< 10,< 10,0.2,0,7.7%,-,높음,7
식물관리,호박비료,< 10,< 10,0,0,-,-,높음,3
식물관리,더덕비료,< 10,< 10,1,0,25%,-,높음,3
식물관리,복숭아살충제,< 10,< 10,0,0.5,-,16.67%,높음,3
식물관리,블루베리살균제,< 10,< 10,0,0.7,-,22.23%,높음,3
식물관리,사과살충제,< 10,< 10,0,0,-,-,낮음,0
식물관리,기능성비료,< 10,< 10,0,0,-,-,높음,3
마사토,조경마사,< 10,< 10,0,0,-,-,높음,3
조경/자갈,자갈톤백,< 10,< 10,0,0.8,-,18.75%,높음,7
마사토,마사가격,< 10,< 10,0.1,0.3,2.86%,6.25%,높음,7
마사토,선별마사,< 10,< 10,0,0,-,-,중간,2
조경/자갈,왕자갈,< 10,< 10,0,0.6,-,10%,높음,3
마사토,이천마사토,< 10,< 10,0,0.9,-,42.86%,낮음,0
조경/자갈,자갈구입,< 10,< 10,0,0.8,-,15%,높음,7
마사토,양평마사토,< 10,< 10,0.2,0.3,22.23%,12.5%,높음,9
마사토,여주마사토,< 10,< 10,0,0,-,-,높음,7
조경/자갈,연못자갈,< 10,< 10,0,0,-,-,높음,3
마사토,정원마사토,< 10,< 10,0,0.3,-,5%,높음,7
흙/용토,황토흙포장,< 10,< 10,0,0.3,-,25%,높음,7
조경/자갈,여주자갈,< 10,< 10,0,0.9,-,30%,낮음,0
마사토,친환경마사토,< 10,< 10,0.1,0,7.15%,-,높음,7
흙/용토,흙길포장,< 10,< 10,0,0,-,-,높음,3
조경/자갈,에그자갈,< 10,< 10,0,0.5,-,10%,높음,8
흙/용토,경화흙포장,< 10,< 10,0,1,-,33.34%,높음,7
조경/자갈,자갈도매,< 10,< 10,0.3,0,14.29%,-,높음,7
조경/자갈,강자갈마켓,< 10,< 10,0,0.3,-,12.5%,중간,2
조경/자갈,자갈단가,< 10,< 10,0.4,0,4.35%,-,중간,5
마사토,김포마사토,< 10,< 10,0,0,-,-,낮음,0
흙/용토,흙다짐포장,< 10,< 10,0,0,-,-,높음,3
조경/자갈,폴리싱자갈,< 10,< 10,0.3,0,8.34%,-,높음,3
조경/자갈,여주강자갈,< 10,< 10,0.5,0.3,27.28%,12.5%,중간,6
씨앗/모종,가을모종,< 10,< 10,0,0,-,-,높음,7
흙/용토,실내조경석,< 10,< 10,0,0.4,-,20%,높음,3
조경/자갈,청자갈,< 10,< 10,0,0,-,-,높음,3
화분,정사각화분받침,< 10,< 10,0,0,-,-,높음,3
화분,정사각화분받침대,< 10,< 10,0,0.3,-,3.13%,높음,3
씨앗/모종,씨앗세트,< 10,< 10,0,0.5,-,7.15%,높음,7
조경/자갈,벽체조경,< 10,< 10,0,0,-,-,높음,3
부자재,플라스틱분무기,< 10,< 10,0,0.5,-,12.5%,높음,3
씨앗/모종,배추씨파종,< 10,< 10,0,0,-,-,높음,3
가드닝/인테리어,가든타이,< 10,< 10,0,0.3,-,3.13%,낮음,0
부자재,원예용끈,< 10,< 10,0,0.3,-,2.78%,높음,3
조경/자갈,벽면정원,< 10,< 10,0.6,0,28.58%,-,높음,7
가드닝/인테리어,버티컬가든,< 10,< 10,0.3,0,3.58%,-,높음,7
조경/자갈,벽정원,< 10,< 10,0,0,-,-,높음,7
기타원예,식물고정타이,< 10,< 10,0,0,-,-,높음,3
가드닝/인테리어,가드닝쇼핑몰,< 10,< 10,2.2,0.6,36.37%,11.12%,중간,4
화분,이동식원형화분받침대,< 10,< 10,0,0,-,-,높음,3
화분,플라스틱화분진열대,< 10,< 10,0,0,-,-,높음,3
화분,화분에채소키우기,< 10,< 10,0,0,-,-,낮음,0
화분,화분플랜트박스,< 10,< 10,0.3,0,11.12%,-,높음,3
화분,화분2단선반,< 10,< 10,0,0.3,-,3.13%,높음,3
텃밭/농업,농기구도매,< 10,< 10,0,0,-,-,높음,3
씨앗/모종,크로버씨앗,< 10,< 10,0,0.3,-,5%,높음,3
기타원예,원예기구,< 10,< 10,0,0,-,-,높음,3
식물관리,농약살수기,< 10,< 10,0,0.3,-,2.78%,높음,3
화분,토분11호,< 10,< 10,0,0,-,-,높음,3
화분,직사각형화분받침대,< 10,< 10,0,0,-,-,높음,3
조경/자갈,잔디품종,< 10,< 10,0,0.3,-,6.67%,높음,3
씨앗/모종,가을꽃씨앗,< 10,< 10,0,0.3,-,12.5%,높음,3
씨앗/모종,가을파종꽃씨,< 10,< 10,0,0,-,-,낮음,0
부자재,주행식엔진분무기,< 10,< 10,0,0,-,-,높음,3
씨앗/모종,꽃종자,< 10,< 10,0,0.5,-,5.56%,높음,8
화분,채소밭화분,< 10,< 10,0,0.3,-,12.5%,낮음,0
씨앗/모종,나무종자,< 10,< 10,0,0.3,-,3.58%,높음,3
조경/자갈,들잔디씨,< 10,< 10,0,0.3,-,12.5%,높음,3
씨앗/모종,목화종자,< 10,< 10,0.5,0,16.67%,-,중간,2
씨앗/모종,백일홍종자,< 10,< 10,0.3,0.3,8.34%,12.5%,높음,3
가드닝/인테리어,플랜테리어견적,< 10,< 10,0.3,0.3,4.55%,2.86%,중간,4
씨앗/모종,산림종자,< 10,< 10,0,0,-,-,높음,3
씨앗/모종,겨자채씨앗,< 10,< 10,0,0,-,-,낮음,0
씨앗/모종,국화꽃씨앗,< 10,< 10,0,0,-,-,높음,3
씨앗/모종,허브종자,< 10,< 10,0.7,0.6,8.34%,9.53%,중간,5
씨앗/모종,구절초종자,< 10,< 10,0,0.3,-,4.17%,높음,3
씨앗/모종,여름꽃씨앗,< 10,< 10,0,0,-,-,낮음,0
씨앗/모종,왜성코스모스씨앗,< 10,< 10,0,0.5,-,7.15%,높음,3
부자재,한독분무기,< 10,< 10,0,0.4,-,4.55%,낮음,0
씨앗/모종,야생화종자,< 10,< 10,0.7,0,17.86%,-,높음,7
씨앗/모종,금계국종자,< 10,< 10,0.3,0,16.67%,-,높음,3
씨앗/모종,자운영종자,< 10,< 10,0.5,0.5,6.9%,18.19%,중간,4
씨앗/모종,쑥부쟁이파종,< 10,< 10,0,0,-,-,높음,3
씨앗/모종,수세미종자,< 10,< 10,0,0,-,-,높음,3
씨앗/모종,라벤더종자,< 10,< 10,1.3,0,44.45%,-,높음,3
씨앗/모종,수레국화종자,< 10,< 10,0,0,-,-,높음,3
화분,대형도로화분,< 10,< 10,0.4,0.8,6.67%,9.38%,높음,10
화분,대형야외화분,< 10,< 10,0,0,-,-,높음,3
텃밭/농업,대형텃밭상자,< 10,< 10,0,0.3,-,4.17%,낮음,0
화분,도매화분,< 10,< 10,0,0.5,-,8.34%,높음,8
화분,특대형텃밭화분,< 10,< 10,0,0.3,-,12.5%,낮음,0
화분,화분도소매,< 10,< 10,0,0.3,-,5%,낮음,0
조경/자갈,루프탑조경,< 10,< 10,1.3,0.8,14.29%,10.72%,높음,7
씨앗/모종,코스모스종자,< 10,< 10,0,0,-,-,높음,7
씨앗/모종,다년생꽃씨앗,< 10,< 10,0.1,0.3,6.25%,3.13%,높음,8
씨앗/모종,다년생씨앗,< 10,< 10,0.3,0,33.34%,-,높음,3
씨앗/모종,무우모종,< 10,< 10,0,0,-,-,높음,7
부자재,대덕충전식분무기,< 10,< 10,0,0,-,-,높음,3
씨앗/모종,나팔꽃모종,< 10,< 10,0.7,0,33.34%,-,높음,3
씨앗/모종,쑥파종,< 10,< 10,1,0,100%,-,중간,1
부자재,엔진분무기추천,< 10,< 10,0,0.5,-,6.25%,높음,7
씨앗/모종,코스모스씨앗파종,< 10,< 10,0,0,-,-,높음,3
씨앗/모종,황화코스모스씨앗,< 10,< 10,0,0,-,-,중간,7
씨앗/모종,벌개미취종자,< 10,< 10,0,0,-,-,낮음,0
씨앗/모종,꽃양귀비종자,< 10,< 10,0,0,-,-,높음,3
부자재,코끼리분무기,< 10,< 10,0.3,0.3,6.67%,3.13%,높음,3
식물관리,살충제분무기,< 10,< 10,0.1,0,2.09%,-,높음,8
